Home,Away,Home xG,Away xG,Result,Home_Team_Pts/MP,Away_Team_Pts/MP,Home_Team_Rk,Away_Team_Rk,Rank Diff,Pts/MP Diff,xG Diff
Manchester Utd,Fulham,2.4,0.4,1.0,1.4,1.6,11,9,2,-0.20000000000000018,2.0
Ipswich Town,Liverpool,0.5,2.6,-1.0,0.6,2.4,17,2,15,-1.7999999999999998,-2.1
Newcastle Utd,Southampton,0.3,1.8,1.0,2.0,0.2,6,18,-12,1.8,-1.5
Nott'ham Forest,Bournemouth,1.3,1.2,0.0,1.8,1.0,8,13,-5,0.8,0.10000000000000009
Everton,Brighton,0.5,1.4,-1.0,0.2,1.8,19,7,12,-1.6,-0.8999999999999999
Arsenal,Wolves,1.2,0.5,1.0,2.2,0.2,4,20,-16,2.0,0.7
West Ham,Aston Villa,2.3,2.0,-1.0,0.8,2.4,14,3,11,-1.5999999999999999,0.2999999999999998
Brentford,Crystal Palace,1.6,1.2,1.0,1.2,0.6,12,16,-4,0.6,0.40000000000000013
Chelsea,Manchester City,1.0,0.8,-1.0,2.0,2.6,5,1,4,-0.6000000000000001,0.19999999999999996
Leicester City,Tottenham,1.0,1.2,0.0,0.6,1.4,15,10,5,-0.7999999999999999,-0.19999999999999996
Brighton,Manchester Utd,2.1,1.4,1.0,1.8,1.4,7,11,-4,0.40000000000000013,0.7000000000000002
Tottenham,Everton,2.4,1.0,1.0,1.4,0.2,10,19,-9,1.2,1.4
Fulham,Leicester City,1.8,0.6,1.0,1.6,0.6,9,15,-6,1.0,1.2000000000000002
Crystal Palace,West Ham,1.3,1.4,-1.0,0.6,0.8,16,14,2,-0.20000000000000007,-0.09999999999999987
Manchester City,Ipswich Town,3.3,0.3,1.0,2.6,0.6,1,17,-16,2.0,3.0
Southampton,Nott'ham Forest,0.1,2.2,-1.0,0.2,1.8,18,8,10,-1.6,-2.1
Aston Villa,Arsenal,1.2,0.9,-1.0,2.4,2.2,3,4,-1,0.19999999999999973,0.29999999999999993
Bournemouth,Newcastle Utd,2.2,1.6,0.0,1.0,2.0,13,6,7,-1.0,0.6000000000000001
Wolves,Chelsea,1.9,1.6,-1.0,0.2,2.0,20,5,15,-1.8,0.2999999999999998
Liverpool,Brentford,2.5,0.5,1.0,2.4,1.2,2,12,-10,1.2,2.0
Arsenal,Brighton,2.1,1.7,0.0,2.2,1.8,4,7,-3,0.40000000000000013,0.40000000000000013
Everton,Bournemouth,1.8,2.4,-1.0,0.2,1.0,19,13,6,-0.8,-0.5999999999999999
Leicester City,Aston Villa,0.4,1.4,-1.0,0.6,2.4,15,3,12,-1.7999999999999998,-0.9999999999999999
Nott'ham Forest,Wolves,1.0,0.7,0.0,1.8,0.2,8,20,-12,1.6,0.30000000000000004
Ipswich Town,Fulham,0.4,0.9,0.0,0.6,1.6,17,9,8,-1.0,-0.5
Brentford,Southampton,2.8,1.5,1.0,1.2,0.2,12,18,-6,1.0,1.2999999999999998
West Ham,Manchester City,0.7,3.0,-1.0,0.8,2.6,14,1,13,-1.8,-2.3
Newcastle Utd,Tottenham,1.8,1.2,1.0,2.0,1.4,6,10,-4,0.6000000000000001,0.6000000000000001
Chelsea,Crystal Palace,2.4,0.5,0.0,2.0,0.6,5,16,-11,1.4,1.9
Manchester Utd,Liverpool,1.4,1.8,-1.0,1.4,2.4,11,2,9,-1.0,-0.40000000000000013
Southampton,Manchester Utd,1.1,2.6,-1.0,0.2,1.4,18,11,7,-1.2,-1.5
Brighton,Ipswich Town,1.6,0.3,0.0,1.8,0.6,7,17,-10,1.2000000000000002,1.3
Crystal Palace,Leicester City,2.5,1.2,0.0,0.6,0.6,16,15,1,0.0,1.3
Manchester City,Brentford,2.1,1.0,1.0,2.6,1.2,1,12,-11,1.4000000000000001,1.1
Liverpool,Nott'ham Forest,0.9,0.4,-1.0,2.4,1.8,2,8,-6,0.5999999999999999,0.5
Fulham,West Ham,1.5,0.8,0.0,1.6,0.8,9,14,-5,0.8,0.7
Aston Villa,Everton,2.1,0.9,1.0,2.4,0.2,3,19,-16,2.1999999999999997,1.2000000000000002
Bournemouth,Chelsea,1.7,0.8,-1.0,1.0,2.0,13,5,8,-1.0,0.8999999999999999
Tottenham,Arsenal,0.7,0.7,-1.0,1.4,2.2,10,4,6,-0.8000000000000003,0.0
Wolves,Newcastle Utd,1.2,1.5,-1.0,0.2,2.0,20,6,14,-1.8,-0.30000000000000004
West Ham,Chelsea,0.9,2.2,-1.0,0.8,2.0,14,5,9,-1.2,-1.3000000000000003
Liverpool,Bournemouth,2.0,1.1,1.0,2.4,1.0,2,13,-11,1.4,0.8999999999999999
Leicester City,Everton,0.7,1.1,0.0,0.6,0.2,15,19,-4,0.39999999999999997,-0.40000000000000013
Southampton,Ipswich Town,2.4,1.6,0.0,0.2,0.6,18,17,1,-0.39999999999999997,0.7999999999999998
Tottenham,Brentford,3.5,0.8,1.0,1.4,1.2,10,12,-2,0.19999999999999996,2.7
Fulham,Newcastle Utd,2.2,1.5,1.0,1.6,2.0,9,6,3,-0.3999999999999999,0.7000000000000002
Aston Villa,Wolves,1.7,0.5,1.0,2.4,0.2,3,20,-17,2.1999999999999997,1.2
Crystal Palace,Manchester Utd,1.0,1.6,0.0,0.6,1.4,16,11,5,-0.7999999999999999,-0.6000000000000001
Brighton,Nott'ham Forest,1.0,1.4,0.0,1.8,1.8,7,8,-1,0.0,-0.3999999999999999
Manchester City,Arsenal,2.1,0.7,0.0,2.6,2.2,1,4,-3,0.3999999999999999,1.4000000000000001
Burnley,Manchester City,0.3,1.9,-1.0,0.63,2.39,19,1,18,-1.7600000000000002,
Arsenal,Nott'ham Forest,0.8,1.2,1.0,2.34,0.84,2,17,-15,1.5,
Everton,Fulham,2.7,1.5,-1.0,1.11,1.24,15,13,2,-0.1299999999999999,
Sheffield Utd,Crystal Palace,0.5,1.9,-1.0,0.42,1.29,20,10,10,-0.8700000000000001,
Brighton,Luton Town,4.0,1.5,1.0,1.26,0.68,11,18,-7,0.58,
Bournemouth,West Ham,1.3,1.1,0.0,1.26,1.37,12,9,3,-0.1100000000000001,
Newcastle Utd,Aston Villa,3.3,1.8,1.0,1.58,1.79,7,4,3,-0.20999999999999996,
Brentford,Tottenham,2.2,1.3,0.0,1.03,1.74,16,5,11,-0.71,
Chelsea,Liverpool,1.4,1.3,0.0,1.66,2.16,6,3,3,-0.5000000000000002,
Manchester Utd,Wolves,2.2,2.2,1.0,1.58,1.21,8,14,-6,0.3700000000000001,
Nott'ham Forest,Sheffield Utd,1.4,0.5,1.0,0.84,0.42,17,20,-3,0.42,
Fulham,Brentford,0.5,3.7,-1.0,1.24,1.03,13,16,-3,0.20999999999999996,
Liverpool,Bournemouth,3.0,1.3,1.0,2.16,1.26,3,12,-9,0.9000000000000001,
Wolves,Brighton,2.1,2.2,-1.0,1.21,1.26,14,11,3,-0.050000000000000044,
Tottenham,Manchester Utd,1.7,2.1,1.0,1.74,1.58,5,8,-3,0.15999999999999992,
Manchester City,Newcastle Utd,1.0,0.3,1.0,2.39,1.58,1,7,-6,0.81,
Aston Villa,Everton,2.9,0.6,1.0,1.79,1.11,4,15,-11,0.6799999999999999,
West Ham,Chelsea,1.8,2.5,1.0,1.37,1.66,9,6,3,-0.2899999999999998,
Crystal Palace,Arsenal,1.0,2.0,-1.0,1.29,2.34,10,2,8,-1.0499999999999998,
Chelsea,Luton Town,2.2,0.4,1.0,1.66,0.68,6,18,-12,0.9799999999999999,
Bournemouth,Tottenham,0.7,2.1,-1.0,1.26,1.74,12,5,7,-0.48,
Everton,Wolves,1.3,1.1,-1.0,1.11,1.21,15,14,1,-0.09999999999999987,
Brentford,Crystal Palace,1.0,0.8,0.0,1.03,1.29,16,10,6,-0.26,
Manchester Utd,Nott'ham Forest,2.8,1.2,1.0,1.58,0.84,8,17,-9,0.7400000000000001,
Arsenal,Fulham,3.2,0.6,0.0,2.34,1.24,2,13,-11,1.0999999999999999,
Brighton,West Ham,1.5,3.0,-1.0,1.26,1.37,11,9,2,-0.1100000000000001,
Sheffield Utd,Manchester City,0.7,3.5,-1.0,0.42,2.39,20,1,19,-1.9700000000000002,
Burnley,Aston Villa,0.7,2.5,-1.0,0.63,1.79,19,4,15,-1.1600000000000001,
Newcastle Utd,Liverpool,2.0,0.9,-1.0,1.58,2.16,7,3,4,-0.5800000000000001,
Luton Town,West Ham,1.4,1.0,-1.0,0.68,1.37,18,9,9,-0.6900000000000001,
Sheffield Utd,Everton,1.2,2.5,0.0,0.42,1.11,20,15,5,-0.6900000000000002,
Chelsea,Nott'ham Forest,2.3,0.8,-1.0,1.66,0.84,6,17,-11,0.82,
Manchester City,Fulham,2.2,1.4,1.0,2.39,1.24,1,13,-12,1.1500000000000001,
Brentford,Bournemouth,2.9,2.1,0.0,1.03,1.26,16,12,4,-0.22999999999999998,
Burnley,Tottenham,1.3,2.2,-1.0,0.63,1.74,19,5,14,-1.1099999999999999,
Brighton,Newcastle Utd,1.3,1.2,1.0,1.26,1.58,11,7,4,-0.32000000000000006,
Liverpool,Aston Villa,2.5,0.7,1.0,2.16,1.79,3,4,-1,0.3700000000000001,
Crystal Palace,Wolves,2.1,1.2,1.0,1.29,1.21,10,14,-4,0.08000000000000007,
Arsenal,Manchester Utd,2.3,0.9,1.0,2.34,1.58,2,8,-6,0.7599999999999998,
Wolves,Liverpool,0.6,2.5,-1.0,1.21,2.16,14,3,11,-0.9500000000000002,
Fulham,Luton Town,1.0,1.1,1.0,1.24,0.68,13,18,-5,0.5599999999999999,
West Ham,Manchester City,0.9,3.6,-1.0,1.37,2.39,9,1,8,-1.02,
Aston Villa,Crystal Palace,3.0,1.2,1.0,1.79,1.29,4,10,-6,0.5,
Manchester Utd,Brighton,1.0,1.7,-1.0,1.58,1.26,8,11,-3,0.32000000000000006,
Tottenham,Sheffield Utd,2.1,0.7,1.0,1.74,0.42,5,20,-15,1.32,
Newcastle Utd,Brentford,1.4,0.5,1.0,1.58,1.03,7,16,-9,0.55,
Bournemouth,Chelsea,1.0,1.8,0.0,1.26,1.66,12,6,6,-0.3999999999999999,
Everton,Arsenal,0.3,1.0,-1.0,1.11,2.34,15,2,13,-1.2299999999999998,
Nott'ham Forest,Burnley,0.7,0.5,0.0,0.84,0.63,17,19,-2,0.20999999999999996,
Manchester City,Nott'ham Forest,1.3,1.0,1.0,2.39,0.84,1,17,-16,1.5500000000000003,
Luton Town,Wolves,2.1,0.6,0.0,0.68,1.21,18,14,4,-0.5299999999999999,
Crystal Palace,Fulham,0.3,0.6,0.0,1.29,1.24,10,13,-3,0.050000000000000044,
Brentford,Everton,1.0,1.9,-1.0,1.03,1.11,16,15,1,-0.08000000000000007,
Burnley,Manchester Utd,1.1,1.0,-1.0,0.63,1.58,19,8,11,-0.9500000000000001,
Arsenal,Tottenham,1.8,1.4,0.0,2.34,1.74,2,5,-3,0.5999999999999999,
Brighton,Bournemouth,1.9,1.1,1.0,1.26,1.26,11,12,-1,0.0,
Chelsea,Aston Villa,1.3,1.0,-1.0,1.66,1.79,6,4,2,-0.13000000000000012,
Liverpool,West Ham,3.0,1.1,1.0,2.16,1.37,3,9,-6,0.79,
Sheffield Utd,Newcastle Utd,0.9,3.9,-1.0,0.42,1.58,20,7,13,-1.1600000000000001,
Aston Villa,Brighton,1.6,1.7,1.0,1.79,1.26,4,11,-7,0.53,
Wolves,Manchester City,0.4,0.9,1.0,1.21,2.39,14,1,13,-1.1800000000000002,
Bournemouth,Arsenal,0.6,3.4,-1.0,1.26,2.34,12,2,10,-1.0799999999999998,
Everton,Luton Town,2.9,0.9,-1.0,1.11,0.68,15,18,-3,0.43000000000000005,
Newcastle Utd,Burnley,3.1,0.6,1.0,1.58,0.63,7,19,-12,0.9500000000000001,
West Ham,Sheffield Utd,2.1,1.1,1.0,1.37,0.42,9,20,-11,0.9500000000000002,
Manchester Utd,Crystal Palace,1.3,0.9,-1.0,1.58,1.29,8,10,-2,0.29000000000000004,
Tottenham,Liverpool,2.2,1.3,1.0,1.74,2.16,5,3,2,-0.42000000000000015,
Nott'ham Forest,Brentford,0.5,1.6,0.0,0.84,1.03,17,16,1,-0.19000000000000006,
Fulham,Chelsea,1.1,1.7,-1.0,1.24,1.66,13,6,7,-0.41999999999999993,
Luton Town,Burnley,1.3,1.1,-1.0,0.68,0.63,18,19,-1,0.050000000000000044,
Luton Town,Tottenham,0.8,1.9,-1.0,0.68,1.74,18,5,13,-1.06,
Everton,Bournemouth,2.4,0.7,1.0,1.11,1.26,15,12,3,-0.1499999999999999,
Manchester Utd,Brentford,1.4,0.9,1.0,1.58,1.03,8,16,-8,0.55,
Burnley,Chelsea,0.7,1.9,-1.0,0.63,1.66,19,6,13,-1.0299999999999998,
Fulham,Sheffield Utd,2.2,0.6,1.0,1.24,0.42,13,20,-7,0.8200000000000001,
Crystal Palace,Nott'ham Forest,0.8,1.0,0.0,1.29,0.84,10,17,-7,0.45000000000000007,
West Ham,Newcastle Utd,1.2,2.0,0.0,1.37,1.58,9,7,2,-0.20999999999999996,
Wolves,Aston Villa,1.7,1.6,0.0,1.21,1.79,14,4,10,-0.5800000000000001,
Brighton,Liverpool,2.3,2.3,0.0,1.26,2.16,11,3,8,-0.9000000000000001,
Arsenal,Manchester City,0.4,0.5,1.0,2.34,2.39,2,1,1,-0.050000000000000266,
Liverpool,Everton,2.2,0.1,1.0,2.16,1.11,3,15,-12,1.05,
Bournemouth,Wolves,0.6,2.4,-1.0,1.26,1.21,12,14,-2,0.050000000000000044,
Newcastle Utd,Crystal Palace,2.4,1.2,1.0,1.58,1.29,7,10,-3,0.29000000000000004,
Brentford,Burnley,3.1,1.1,1.0,1.03,0.63,16,19,-3,0.4,
Manchester City,Brighton,0.8,0.8,1.0,2.39,1.26,1,11,-10,1.1300000000000001,
Nott'ham Forest,Luton Town,2.9,1.7,0.0,0.84,0.68,17,18,-1,0.15999999999999992,
Chelsea,Arsenal,1.3,1.0,0.0,1.66,2.34,6,2,4,-0.6799999999999999,
Sheffield Utd,Manchester Utd,1.4,1.1,-1.0,0.42,1.58,20,8,12,-1.1600000000000001,
Aston Villa,West Ham,1.9,1.1,1.0,1.79,1.37,4,9,-5,0.41999999999999993,
Tottenham,Fulham,1.5,1.0,1.0,1.74,1.24,5,13,-8,0.5,
Crystal Palace,Tottenham,0.6,1.1,-1.0,1.29,1.74,10,5,5,-0.44999999999999996,
Chelsea,Brentford,1.9,2.2,-1.0,1.66,1.03,6,16,-10,0.6299999999999999,
Bournemouth,Burnley,1.1,0.8,1.0,1.26,0.63,12,19,-7,0.63,
Arsenal,Sheffield Utd,2.8,0.0,1.0,2.34,0.42,2,20,-18,1.92,
Wolves,Newcastle Utd,0.9,2.2,0.0,1.21,1.58,14,7,7,-0.3700000000000001,
West Ham,Everton,0.7,0.8,-1.0,1.37,1.11,9,15,-6,0.26,
Liverpool,Nott'ham Forest,3.2,0.4,1.0,2.16,0.84,3,17,-14,1.3200000000000003,
Brighton,Fulham,1.4,0.7,0.0,1.26,1.24,11,13,-2,0.020000000000000018,
Aston Villa,Luton Town,2.3,0.5,1.0,1.79,0.68,4,18,-14,1.1099999999999999,
Manchester Utd,Manchester City,0.9,4.0,-1.0,1.58,2.39,8,1,7,-0.81,
Fulham,Manchester Utd,1.0,0.7,-1.0,1.24,1.58,13,8,5,-0.3400000000000001,
Brentford,West Ham,1.5,1.8,1.0,1.03,1.37,16,9,7,-0.3400000000000001,
Everton,Brighton,0.7,0.5,0.0,1.11,1.26,15,11,4,-0.1499999999999999,
Burnley,Crystal Palace,1.1,1.3,-1.0,0.63,1.29,19,10,9,-0.66,
Manchester City,Bournemouth,1.9,0.9,1.0,2.39,1.26,1,12,-11,1.1300000000000001,
Sheffield Utd,Wolves,1.0,1.2,1.0,0.42,1.21,20,14,6,-0.79,
Newcastle Utd,Arsenal,1.0,0.6,1.0,1.58,2.34,7,2,5,-0.7599999999999998,
Nott'ham Forest,Aston Villa,0.4,1.2,1.0,0.84,1.79,17,4,13,-0.9500000000000001,
Luton Town,Liverpool,0.8,2.6,0.0,0.68,2.16,18,3,15,-1.48,
Tottenham,Chelsea,0.9,4.1,-1.0,1.74,1.66,5,6,-1,0.08000000000000007,
Wolves,Tottenham,2.1,0.7,1.0,1.21,1.74,14,5,9,-0.53,
Arsenal,Burnley,1.8,0.3,1.0,2.34,0.63,2,19,-17,1.71,
Manchester Utd,Luton Town,2.2,0.4,1.0,1.58,0.68,8,18,-10,0.9,
Crystal Palace,Everton,2.2,1.5,-1.0,1.29,1.11,10,15,-5,0.17999999999999994,
Bournemouth,Newcastle Utd,2.4,0.5,1.0,1.26,1.58,12,7,5,-0.32000000000000006,
West Ham,Nott'ham Forest,1.8,1.7,1.0,1.37,0.84,9,17,-8,0.5300000000000001,
Liverpool,Brentford,1.7,1.6,1.0,2.16,1.03,3,16,-13,1.1300000000000001,
Aston Villa,Fulham,3.0,0.9,1.0,1.79,1.24,4,13,-9,0.55,
Brighton,Sheffield Utd,1.5,1.1,0.0,1.26,0.42,11,20,-9,0.8400000000000001,
Chelsea,Manchester City,2.9,2.9,0.0,1.66,2.39,6,1,5,-0.7300000000000002,
Manchester City,Liverpool,1.3,0.6,0.0,2.39,2.16,1,3,-2,0.22999999999999998,
Burnley,West Ham,1.3,0.9,-1.0,0.63,1.37,19,9,10,-0.7400000000000001,
Nott'ham Forest,Brighton,1.9,1.3,-1.0,0.84,1.26,17,11,6,-0.42000000000000004,
Sheffield Utd,Bournemouth,0.8,2.9,-1.0,0.42,1.26,20,12,8,-0.8400000000000001,
Newcastle Utd,Chelsea,2.4,0.5,1.0,1.58,1.66,7,6,1,-0.07999999999999985,
Luton Town,Crystal Palace,0.9,1.6,1.0,0.68,1.29,18,10,8,-0.61,
Brentford,Arsenal,1.1,1.6,-1.0,1.03,2.34,16,2,14,-1.3099999999999998,
Tottenham,Aston Villa,2.3,1.7,-1.0,1.74,1.79,5,4,1,-0.050000000000000044,
Everton,Manchester Utd,2.4,2.2,-1.0,1.11,1.58,15,8,7,-0.47,
Fulham,Wolves,2.9,1.4,1.0,1.24,1.21,13,14,-1,0.030000000000000027,
Brentford,Luton Town,3.1,0.2,1.0,1.03,0.68,16,18,-2,0.35,
Arsenal,Wolves,2.8,0.7,1.0,2.34,1.21,2,14,-12,1.13,
Burnley,Sheffield Utd,1.8,0.4,1.0,0.63,0.42,19,20,-1,0.21000000000000002,
Nott'ham Forest,Everton,0.7,0.7,-1.0,0.84,1.11,17,15,2,-0.27000000000000013,
Newcastle Utd,Manchester Utd,2.4,0.5,1.0,1.58,1.58,7,8,-1,0.0,
Bournemouth,Aston Villa,2.0,0.7,0.0,1.26,1.79,12,4,8,-0.53,
Liverpool,Fulham,2.1,1.2,1.0,2.16,1.24,3,13,-10,0.9200000000000002,
Chelsea,Brighton,2.1,1.1,1.0,1.66,1.26,6,11,-5,0.3999999999999999,
West Ham,Crystal Palace,1.1,0.9,0.0,1.37,1.29,9,10,-1,0.08000000000000007,
Manchester City,Tottenham,2.6,0.5,0.0,2.39,1.74,1,5,-4,0.6500000000000001,
Wolves,Burnley,0.8,0.9,1.0,1.21,0.63,14,19,-5,0.58,
Luton Town,Arsenal,0.5,2.2,-1.0,0.68,2.34,18,2,16,-1.6599999999999997,
Sheffield Utd,Liverpool,1.0,1.7,-1.0,0.42,2.16,20,3,17,-1.7400000000000002,
Crystal Palace,Bournemouth,1.0,1.8,-1.0,1.29,1.26,10,12,-2,0.030000000000000027,
Brighton,Brentford,1.5,1.5,1.0,1.26,1.03,11,16,-5,0.22999999999999998,
Fulham,Nott'ham Forest,2.5,0.3,1.0,1.24,0.84,13,17,-4,0.4,
Aston Villa,Manchester City,2.3,0.6,1.0,1.79,2.39,4,1,3,-0.6000000000000001,
Manchester Utd,Chelsea,4.1,1.5,1.0,1.58,1.66,8,6,2,-0.07999999999999985,
Everton,Newcastle Utd,3.3,1.5,1.0,1.11,1.58,15,7,8,-0.47,
Tottenham,West Ham,1.8,2.2,-1.0,1.74,1.37,5,9,-4,0.3699999999999999,
Crystal Palace,Liverpool,1.7,1.2,-1.0,1.29,2.16,10,3,7,-0.8700000000000001,
Manchester Utd,Bournemouth,1.1,1.5,-1.0,1.58,1.26,8,12,-4,0.32000000000000006,
Wolves,Nott'ham Forest,1.2,1.3,0.0,1.21,0.84,14,17,-3,0.37,
Brighton,Burnley,2.6,0.6,0.0,1.26,0.63,11,19,-8,0.63,
Sheffield Utd,Brentford,0.8,0.6,1.0,0.42,1.03,20,16,4,-0.6100000000000001,
Aston Villa,Arsenal,0.6,1.4,1.0,1.79,2.34,4,2,2,-0.5499999999999998,
Everton,Chelsea,1.2,0.9,1.0,1.11,1.66,15,6,9,-0.5499999999999998,
Fulham,West Ham,2.3,1.3,1.0,1.24,1.37,13,9,4,-0.13000000000000012,
Luton Town,Manchester City,0.3,1.6,-1.0,0.68,2.39,18,1,17,-1.71,
Tottenham,Newcastle Utd,3.8,1.7,1.0,1.74,1.58,5,7,-2,0.15999999999999992,
Nott'ham Forest,Tottenham,1.3,1.5,-1.0,0.84,1.74,17,5,12,-0.9,
Manchester City,Crystal Palace,1.6,1.8,0.0,2.39,1.29,1,10,-9,1.1,
Chelsea,Sheffield Utd,3.1,0.4,1.0,1.66,0.42,6,20,-14,1.24,
Newcastle Utd,Fulham,3.5,0.3,1.0,1.58,1.24,7,13,-6,0.3400000000000001,
Burnley,Everton,0.7,1.4,-1.0,0.63,1.11,19,15,4,-0.4800000000000001,
Brentford,Aston Villa,0.5,1.4,-1.0,1.03,1.79,16,4,12,-0.76,
West Ham,Wolves,1.1,0.7,1.0,1.37,1.21,9,14,-5,0.16000000000000014,
Arsenal,Brighton,2.3,0.7,1.0,2.34,1.26,2,11,-9,1.0799999999999998,
Liverpool,Manchester Utd,2.3,0.8,0.0,2.16,1.58,3,8,-5,0.5800000000000001,
Crystal Palace,Brighton,1.3,1.2,0.0,1.29,1.26,10,11,-1,0.030000000000000027,
Aston Villa,Sheffield Utd,0.9,0.6,0.0,1.79,0.42,4,20,-16,1.37,
West Ham,Manchester Utd,1.2,1.0,1.0,1.37,1.58,9,8,1,-0.20999999999999996,
Luton Town,Newcastle Utd,1.4,1.4,1.0,0.68,1.58,18,7,11,-0.9,
Fulham,Burnley,1.3,0.4,-1.0,1.24,0.63,13,19,-6,0.61,
Tottenham,Everton,1.5,1.8,1.0,1.74,1.11,5,15,-10,0.6299999999999999,
Nott'ham Forest,Bournemouth,1.0,1.6,-1.0,0.84,1.26,17,12,5,-0.42000000000000004,
Liverpool,Arsenal,1.0,0.7,0.0,2.16,2.34,3,2,1,-0.17999999999999972,
Wolves,Chelsea,1.3,2.0,1.0,1.21,1.66,14,6,8,-0.44999999999999996,
Newcastle Utd,Nott'ham Forest,2.4,3.5,-1.0,1.58,0.84,7,17,-10,0.7400000000000001,
Bournemouth,Fulham,1.8,0.3,1.0,1.26,1.24,12,13,-1,0.020000000000000018,
Sheffield Utd,Luton Town,2.4,0.6,-1.0,0.42,0.68,20,18,2,-0.26000000000000006,
Burnley,Liverpool,0.8,1.8,-1.0,0.63,2.16,19,3,16,-1.5300000000000002,
Manchester Utd,Aston Villa,1.1,1.7,1.0,1.58,1.79,8,4,4,-0.20999999999999996,
Chelsea,Crystal Palace,2.6,1.1,1.0,1.66,1.29,6,10,-4,0.3699999999999999,
Brentford,Wolves,2.2,2.4,-1.0,1.03,1.21,16,14,2,-0.17999999999999994,
Everton,Manchester City,1.0,2.4,-1.0,1.11,2.39,15,1,14,-1.28,
Brighton,Tottenham,3.2,2.3,1.0,1.26,1.74,11,5,6,-0.48,
Arsenal,West Ham,2.7,1.4,-1.0,2.34,1.37,2,9,-7,0.9699999999999998,
Luton Town,Chelsea,2.3,1.5,-1.0,0.68,1.66,18,6,12,-0.9799999999999999,
Aston Villa,Burnley,3.2,1.2,1.0,1.79,0.63,4,19,-15,1.1600000000000001,
Wolves,Everton,1.9,0.4,1.0,1.21,1.11,14,15,-1,0.09999999999999987,
Manchester City,Sheffield Utd,2.2,0.3,1.0,2.39,0.42,1,20,-19,1.9700000000000002,
Crystal Palace,Brentford,1.0,1.4,1.0,1.29,1.03,10,16,-6,0.26,
Nott'ham Forest,Manchester Utd,0.7,0.8,1.0,0.84,1.58,17,8,9,-0.7400000000000001,
Tottenham,Bournemouth,2.3,1.7,1.0,1.74,1.26,5,12,-7,0.48,
Fulham,Arsenal,1.2,1.6,1.0,1.24,2.34,13,2,11,-1.0999999999999999,
Liverpool,Newcastle Utd,7.0,0.6,1.0,2.16,1.58,3,7,-4,0.5800000000000001,
West Ham,Brighton,0.7,2.3,0.0,1.37,1.26,9,11,-2,0.1100000000000001,
Burnley,Luton Town,1.1,0.9,0.0,0.63,0.68,19,18,1,-0.050000000000000044,
Chelsea,Fulham,2.2,0.8,1.0,1.66,1.24,6,13,-7,0.41999999999999993,
Newcastle Utd,Manchester City,1.3,3.0,-1.0,1.58,2.39,7,1,6,-0.81,
Everton,Aston Villa,1.1,1.2,0.0,1.11,1.79,15,4,11,-0.6799999999999999,
Manchester Utd,Tottenham,0.8,1.2,0.0,1.58,1.74,8,5,3,-0.15999999999999992,
Arsenal,Crystal Palace,3.3,0.3,1.0,2.34,1.29,2,10,-8,1.0499999999999998,
Brentford,Nott'ham Forest,1.2,1.2,1.0,1.03,0.84,16,17,-1,0.19000000000000006,
Sheffield Utd,West Ham,2.5,2.3,0.0,0.42,1.37,20,9,11,-0.9500000000000002,
Bournemouth,Liverpool,1.4,1.5,-1.0,1.26,2.16,12,3,9,-0.9000000000000001,
Brighton,Wolves,1.0,1.1,0.0,1.26,1.21,11,14,-3,0.050000000000000044,
Nott'ham Forest,Arsenal,0.5,1.2,-1.0,0.84,2.34,17,2,15,-1.5,
Fulham,Everton,1.6,1.9,0.0,1.24,1.11,13,15,-2,0.1299999999999999,
Luton Town,Brighton,3.1,0.9,1.0,0.68,1.26,18,11,7,-0.58,
Crystal Palace,Sheffield Utd,1.1,0.8,1.0,1.29,0.42,10,20,-10,0.8700000000000001,
Aston Villa,Newcastle Utd,1.4,2.6,-1.0,1.79,1.58,4,7,-3,0.20999999999999996,
Tottenham,Brentford,2.9,1.6,1.0,1.74,1.03,5,16,-11,0.71,
Manchester City,Burnley,1.7,1.4,1.0,2.39,0.63,1,19,-18,1.7600000000000002,
Liverpool,Chelsea,2.9,0.6,1.0,2.16,1.66,3,6,-3,0.5000000000000002,
West Ham,Bournemouth,1.4,1.2,0.0,1.37,1.26,9,12,-3,0.1100000000000001,
Wolves,Manchester Utd,2.1,3.3,-1.0,1.21,1.58,14,8,6,-0.3700000000000001,
Everton,Tottenham,2.6,1.0,0.0,1.11,1.74,15,5,10,-0.6299999999999999,
Newcastle Utd,Luton Town,2.3,2.4,0.0,1.58,0.68,7,18,-11,0.9,
Brighton,Crystal Palace,1.4,0.3,1.0,1.26,1.29,11,10,1,-0.030000000000000027,
Burnley,Fulham,1.8,1.5,0.0,0.63,1.24,19,13,6,-0.61,
Sheffield Utd,Aston Villa,1.4,2.2,-1.0,0.42,1.79,20,4,16,-1.37,
Bournemouth,Nott'ham Forest,1.3,0.5,0.0,1.26,0.84,12,17,-5,0.42000000000000004,
Manchester Utd,West Ham,0.7,1.4,1.0,1.58,1.37,8,9,-1,0.20999999999999996,
Chelsea,Wolves,1.7,2.0,-1.0,1.66,1.21,6,14,-8,0.44999999999999996,
Arsenal,Liverpool,3.5,0.4,1.0,2.34,2.16,2,3,-1,0.17999999999999972,
Brentford,Manchester City,1.0,2.1,-1.0,1.03,2.39,16,1,15,-1.36,
Manchester City,Everton,1.6,0.3,1.0,2.39,1.11,1,15,-14,1.28,
Luton Town,Sheffield Utd,1.8,1.7,-1.0,0.68,0.42,18,20,-2,0.26000000000000006,
Liverpool,Burnley,2.8,1.3,1.0,2.16,0.63,3,19,-16,1.5300000000000002,
Wolves,Brentford,1.0,1.9,-1.0,1.21,1.03,14,16,-2,0.17999999999999994,
Fulham,Bournemouth,1.6,1.8,1.0,1.24,1.26,13,12,1,-0.020000000000000018,
Tottenham,Brighton,1.6,1.2,1.0,1.74,1.26,5,11,-6,0.48,
Nott'ham Forest,Newcastle Utd,1.5,0.5,-1.0,0.84,1.58,17,7,10,-0.7400000000000001,
West Ham,Arsenal,0.2,3.6,-1.0,1.37,2.34,9,2,7,-0.9699999999999998,
Aston Villa,Manchester Utd,2.4,1.8,-1.0,1.79,1.58,4,8,-4,0.20999999999999996,
Crystal Palace,Chelsea,0.6,1.4,-1.0,1.29,1.66,10,6,4,-0.3699999999999999,
Brentford,Liverpool,1.6,2.8,-1.0,1.03,2.16,16,3,13,-1.1300000000000001,
Newcastle Utd,Bournemouth,2.2,2.2,0.0,1.58,1.26,7,12,-5,0.32000000000000006,
Tottenham,Wolves,1.6,1.8,-1.0,1.74,1.21,5,14,-9,0.53,
Burnley,Arsenal,0.3,2.3,-1.0,0.63,2.34,19,2,17,-1.71,
Fulham,Aston Villa,1.5,1.5,-1.0,1.24,1.79,13,4,9,-0.55,
Nott'ham Forest,West Ham,2.8,0.5,1.0,0.84,1.37,17,9,8,-0.5300000000000001,
Manchester City,Chelsea,2.6,1.4,0.0,2.39,1.66,1,6,-5,0.7300000000000002,
Sheffield Utd,Brighton,0.6,2.9,-1.0,0.42,1.26,20,11,9,-0.8400000000000001,
Luton Town,Manchester Utd,1.8,2.9,-1.0,0.68,1.58,18,8,10,-0.9,
Everton,Crystal Palace,1.7,0.7,0.0,1.11,1.29,15,10,5,-0.17999999999999994,
Manchester City,Brentford,2.3,0.4,1.0,2.39,1.03,1,16,-15,1.36,
Liverpool,Luton Town,3.3,0.9,1.0,2.16,0.68,3,18,-15,1.48,
Manchester Utd,Fulham,1.7,1.2,-1.0,1.58,1.24,8,13,-5,0.3400000000000001,
Crystal Palace,Burnley,2.4,0.1,1.0,1.29,0.63,10,19,-9,0.66,
Brighton,Everton,1.4,0.3,0.0,1.26,1.11,11,15,-4,0.1499999999999999,
Aston Villa,Nott'ham Forest,3.6,2.6,1.0,1.79,0.84,4,17,-13,0.9500000000000001,
Bournemouth,Manchester City,0.9,1.6,-1.0,1.26,2.39,12,1,11,-1.1300000000000001,
Arsenal,Newcastle Utd,2.8,0.2,1.0,2.34,1.58,2,7,-5,0.7599999999999998,
Wolves,Sheffield Utd,1.3,0.6,1.0,1.21,0.42,14,20,-6,0.79,
West Ham,Brentford,1.7,0.9,1.0,1.37,1.03,9,16,-7,0.3400000000000001,
Fulham,Brighton,1.3,1.3,1.0,1.24,1.26,13,11,2,-0.020000000000000018,
Tottenham,Crystal Palace,1.9,0.3,1.0,1.74,1.29,5,10,-5,0.44999999999999996,
Brentford,Chelsea,1.8,1.8,0.0,1.03,1.66,16,6,10,-0.6299999999999999,
Newcastle Utd,Wolves,2.1,0.8,1.0,1.58,1.21,7,14,-7,0.3700000000000001,
Nott'ham Forest,Liverpool,1.0,2.0,-1.0,0.84,2.16,17,3,14,-1.3200000000000003,
Everton,West Ham,2.7,1.9,-1.0,1.11,1.37,15,9,6,-0.26,
Luton Town,Aston Villa,1.8,1.9,-1.0,0.68,1.79,18,4,14,-1.1099999999999999,
Burnley,Bournemouth,1.5,1.1,-1.0,0.63,1.26,19,12,7,-0.63,
Manchester City,Manchester Utd,3.3,0.2,1.0,2.39,1.58,1,8,-7,0.81,
Sheffield Utd,Arsenal,0.2,2.3,-1.0,0.42,2.34,20,2,18,-1.92,
Manchester Utd,Everton,2.7,1.6,1.0,1.58,1.11,8,15,-7,0.47,
Bournemouth,Sheffield Utd,3.3,1.2,0.0,1.26,0.42,12,20,-8,0.8400000000000001,
Wolves,Fulham,0.8,2.6,1.0,1.21,1.24,14,13,1,-0.030000000000000027,
Crystal Palace,Luton Town,2.7,0.8,0.0,1.29,0.68,10,18,-8,0.61,
Arsenal,Brentford,1.3,1.0,1.0,2.34,1.03,2,16,-14,1.3099999999999998,
Aston Villa,Tottenham,0.8,1.5,-1.0,1.79,1.74,4,5,-1,0.050000000000000044,
West Ham,Burnley,2.1,0.7,0.0,1.37,0.63,9,19,-10,0.7400000000000001,
Brighton,Nott'ham Forest,0.4,0.7,1.0,1.26,0.84,11,17,-6,0.42000000000000004,
Liverpool,Manchester City,2.7,1.6,0.0,2.16,2.39,3,1,2,-0.22999999999999998,
Chelsea,Newcastle Utd,1.6,0.7,1.0,1.66,1.58,6,7,-1,0.07999999999999985,
Bournemouth,Luton Town,2.3,2.0,1.0,1.26,0.68,12,18,-6,0.58,
Luton Town,Nott'ham Forest,0.6,2.0,0.0,0.68,0.84,18,17,1,-0.15999999999999992,
Burnley,Brentford,2.8,1.1,1.0,0.63,1.03,19,16,3,-0.4,
Fulham,Tottenham,2.6,2.4,1.0,1.24,1.74,13,5,8,-0.5,
West Ham,Aston Villa,2.0,0.7,0.0,1.37,1.79,9,4,5,-0.41999999999999993,
Newcastle Utd,West Ham,4.1,1.4,1.0,1.58,1.37,7,9,-2,0.20999999999999996,
Bournemouth,Everton,1.3,1.0,1.0,1.26,1.11,12,15,-3,0.1499999999999999,
Tottenham,Luton Town,2.9,0.5,1.0,1.74,0.68,5,18,-13,1.06,
Nott'ham Forest,Crystal Palace,0.9,1.2,0.0,0.84,1.29,17,10,7,-0.45000000000000007,
Sheffield Utd,Fulham,1.9,1.3,0.0,0.42,1.24,20,13,7,-0.8200000000000001,
Chelsea,Burnley,4.2,1.6,0.0,1.66,0.63,6,19,-13,1.0299999999999998,
Aston Villa,Wolves,1.0,1.5,1.0,1.79,1.21,4,14,-10,0.5800000000000001,
Brentford,Manchester Utd,3.2,0.6,0.0,1.03,1.58,16,8,8,-0.55,
Liverpool,Brighton,2.8,0.5,1.0,2.16,1.26,3,11,-8,0.9000000000000001,
Manchester City,Arsenal,1.0,0.7,0.0,2.39,2.34,1,2,-1,0.050000000000000266,
Newcastle Utd,Everton,2.4,1.4,0.0,1.58,1.11,7,15,-8,0.47,
Nott'ham Forest,Fulham,1.5,1.5,1.0,0.84,1.24,17,13,4,-0.4,
Bournemouth,Crystal Palace,1.1,0.2,1.0,1.26,1.29,12,10,2,-0.030000000000000027,
Burnley,Wolves,1.3,0.9,0.0,0.63,1.21,19,14,5,-0.58,
West Ham,Tottenham,1.5,1.0,0.0,1.37,1.74,9,5,4,-0.3699999999999999,
Arsenal,Luton Town,0.7,0.3,1.0,2.34,0.68,2,18,-16,1.6599999999999997,
Brentford,Brighton,0.6,1.1,0.0,1.03,1.26,16,11,5,-0.22999999999999998,
Manchester City,Aston Villa,3.4,0.8,1.0,2.39,1.79,1,4,-3,0.6000000000000001,
Liverpool,Sheffield Utd,1.8,0.6,1.0,2.16,0.42,3,20,-17,1.7400000000000002,
Chelsea,Manchester Utd,3.0,1.5,1.0,1.66,1.58,6,8,-2,0.07999999999999985,
Crystal Palace,Manchester City,1.1,1.9,-1.0,1.29,2.39,10,1,9,-1.1,
Luton Town,Bournemouth,1.5,0.4,1.0,0.68,1.26,18,12,6,-0.58,
Wolves,West Ham,1.5,1.2,-1.0,1.21,1.37,14,9,5,-0.16000000000000014,
Fulham,Newcastle Utd,1.2,1.0,-1.0,1.24,1.58,13,7,6,-0.3400000000000001,
Everton,Burnley,0.9,0.5,1.0,1.11,0.63,15,19,-4,0.4800000000000001,
Aston Villa,Brentford,1.5,1.5,0.0,1.79,1.03,4,16,-12,0.76,
Brighton,Arsenal,0.5,3.4,-1.0,1.26,2.34,11,2,9,-1.0799999999999998,
Manchester Utd,Liverpool,0.7,3.6,0.0,1.58,2.16,8,3,5,-0.5800000000000001,
Sheffield Utd,Chelsea,1.4,0.3,0.0,0.42,1.66,20,6,14,-1.24,
Tottenham,Nott'ham Forest,1.5,1.5,1.0,1.74,0.84,5,17,-12,0.9,
Newcastle Utd,Tottenham,2.8,0.8,1.0,1.58,1.74,7,5,2,-0.15999999999999992,
Manchester City,Luton Town,4.2,0.5,1.0,2.39,0.68,1,18,-17,1.71,
Nott'ham Forest,Wolves,1.9,1.0,0.0,0.84,1.21,17,14,3,-0.37,
Brentford,Sheffield Utd,1.0,0.8,1.0,1.03,0.42,16,20,-4,0.6100000000000001,
Burnley,Brighton,1.7,0.9,0.0,0.63,1.26,19,11,8,-0.63,
Bournemouth,Manchester Utd,1.6,1.2,0.0,1.26,1.58,12,8,4,-0.32000000000000006,
Liverpool,Crystal Palace,2.7,2.0,-1.0,2.16,1.29,3,10,-7,0.8700000000000001,
West Ham,Fulham,0.9,3.2,-1.0,1.37,1.24,9,13,-4,0.13000000000000012,
Arsenal,Aston Villa,1.6,0.9,-1.0,2.34,1.79,2,4,-2,0.5499999999999998,
Chelsea,Everton,3.1,1.5,1.0,1.66,1.11,6,15,-9,0.5499999999999998,
Luton Town,Brentford,0.6,3.1,-1.0,0.68,1.03,18,16,2,-0.35,
Sheffield Utd,Burnley,2.4,2.2,-1.0,0.42,0.63,20,19,1,-0.21000000000000002,
Wolves,Arsenal,0.2,1.2,-1.0,1.21,2.34,14,2,12,-1.13,
Everton,Nott'ham Forest,0.3,0.9,1.0,1.11,0.84,15,17,-2,0.27000000000000013,
Aston Villa,Bournemouth,2.4,1.8,1.0,1.79,1.26,4,12,-8,0.53,
Crystal Palace,West Ham,2.4,1.3,1.0,1.29,1.37,10,9,1,-0.08000000000000007,
Fulham,Liverpool,0.8,1.0,-1.0,1.24,2.16,13,3,10,-0.9200000000000002,
Arsenal,Chelsea,3.3,1.6,1.0,2.34,1.66,2,6,-4,0.6799999999999999,
Wolves,Bournemouth,0.5,1.9,-1.0,1.21,1.26,14,12,2,-0.050000000000000044,
Manchester Utd,Sheffield Utd,2.9,0.8,1.0,1.58,0.42,8,20,-12,1.1600000000000001,
Everton,Liverpool,1.2,2.1,1.0,1.11,2.16,15,3,12,-1.05,
Crystal Palace,Newcastle Utd,0.9,0.4,1.0,1.29,1.58,10,7,3,-0.29000000000000004,
Brighton,Manchester City,0.6,1.4,-1.0,1.26,2.39,11,1,10,-1.1300000000000001,
West Ham,Liverpool,0.7,1.7,0.0,1.37,2.16,9,3,6,-0.79,
Wolves,Luton Town,1.2,0.6,1.0,1.21,0.68,14,18,-4,0.5299999999999999,
Fulham,Crystal Palace,1.1,1.0,0.0,1.24,1.29,13,10,3,-0.050000000000000044,
Manchester Utd,Burnley,2.7,2.1,0.0,1.58,0.63,8,19,-11,0.9500000000000001,
Newcastle Utd,Sheffield Utd,3.1,1.5,1.0,1.58,0.42,7,20,-13,1.1600000000000001,
Everton,Brentford,0.8,0.9,1.0,1.11,1.03,15,16,-1,0.08000000000000007,
Aston Villa,Chelsea,1.1,1.6,0.0,1.79,1.66,4,6,-2,0.13000000000000012,
Tottenham,Arsenal,2.3,1.0,-1.0,1.74,2.34,5,2,3,-0.5999999999999999,
Bournemouth,Brighton,1.9,0.9,1.0,1.26,1.26,12,11,1,0.0,
Nott'ham Forest,Manchester City,1.9,0.9,-1.0,0.84,2.39,17,1,16,-1.5500000000000003,
Chelsea,Tottenham,2.2,1.6,1.0,1.66,1.74,6,5,1,-0.08000000000000007,
Luton Town,Everton,0.8,1.4,0.0,0.68,1.11,18,15,3,-0.43000000000000005,
Arsenal,Bournemouth,3.3,0.5,1.0,2.34,1.26,2,12,-10,1.0799999999999998,
Burnley,Newcastle Utd,1.0,3.4,-1.0,0.63,1.58,19,7,12,-0.9500000000000001,
Sheffield Utd,Nott'ham Forest,2.2,1.5,-1.0,0.42,0.84,20,17,3,-0.42,
Brentford,Fulham,0.6,1.3,0.0,1.03,1.24,16,13,3,-0.20999999999999996,
Manchester City,Wolves,3.7,0.3,1.0,2.39,1.21,1,14,-13,1.1800000000000002,
Brighton,Aston Villa,2.5,0.1,1.0,1.26,1.79,11,4,7,-0.53,
Chelsea,West Ham,4.1,0.9,1.0,1.66,1.37,6,9,-3,0.2899999999999998,
Liverpool,Tottenham,3.3,1.2,1.0,2.16,1.74,3,5,-2,0.42000000000000015,
Crystal Palace,Manchester Utd,1.7,0.4,1.0,1.29,1.58,10,8,2,-0.29000000000000004,
Fulham,Manchester City,0.1,3.2,-1.0,1.24,2.39,13,1,12,-1.1500000000000001,
Wolves,Crystal Palace,1.6,2.6,-1.0,1.21,1.29,14,10,4,-0.08000000000000007,
West Ham,Luton Town,3.2,0.3,1.0,1.37,0.68,9,18,-9,0.6900000000000001,
Tottenham,Burnley,2.7,0.7,1.0,1.74,0.63,5,19,-14,1.1099999999999999,
Everton,Sheffield Utd,2.3,0.6,1.0,1.11,0.42,15,20,-5,0.6900000000000002,
Newcastle Utd,Brighton,2.2,1.4,0.0,1.58,1.26,7,11,-4,0.32000000000000006,
Bournemouth,Brentford,0.7,1.1,-1.0,1.26,1.03,12,16,-4,0.22999999999999998,
Nott'ham Forest,Chelsea,1.5,1.6,-1.0,0.84,1.66,17,6,11,-0.82,
Manchester Utd,Arsenal,0.5,1.5,-1.0,1.58,2.34,8,2,6,-0.7599999999999998,
Aston Villa,Liverpool,3.1,1.7,0.0,1.79,2.16,4,3,1,-0.3700000000000001,
Tottenham,Manchester City,1.7,2.4,-1.0,1.74,2.39,5,1,4,-0.6500000000000001,
Brighton,Chelsea,1.3,1.5,-1.0,1.26,1.66,11,6,5,-0.3999999999999999,
Manchester Utd,Newcastle Utd,1.5,2.2,1.0,1.58,1.58,8,7,1,0.0,
Luton Town,Fulham,2.0,1.1,-1.0,0.68,1.24,18,13,5,-0.5599999999999999,
Sheffield Utd,Tottenham,1.0,3.1,-1.0,0.42,1.74,20,5,15,-1.32,
Manchester City,West Ham,1.9,0.4,1.0,2.39,1.37,1,9,-8,1.02,
Arsenal,Everton,2.9,0.6,1.0,2.34,1.11,2,15,-13,1.2299999999999998,
Brighton,Manchester Utd,1.7,1.3,-1.0,1.26,1.58,11,8,3,-0.32000000000000006,
Brentford,Newcastle Utd,1.1,3.4,-1.0,1.03,1.58,16,7,9,-0.55,
Chelsea,Bournemouth,1.1,2.2,1.0,1.66,1.26,6,12,-6,0.3999999999999999,
Crystal Palace,Aston Villa,2.5,0.9,1.0,1.29,1.79,10,4,6,-0.5,
Liverpool,Wolves,4.5,0.5,1.0,2.16,1.21,3,14,-11,0.9500000000000002,
Burnley,Nott'ham Forest,1.2,1.7,-1.0,0.63,0.84,19,17,2,-0.20999999999999996,
