Player,Nation,Pos,Age,MP,Starts,Min,90s,Gls,Ast,G+A,G-PK,PK,PKatt,CrdY,CrdR,xG,npxG,xAG,npxG+xAG,PrgC,PrgP,PrgR,Gls,Ast,G+A,G-PK,G+A-PK,xG,xAG,xG+xAG,npxG,npxG+xAG,Matches,Team
Kai Havertz, GER,FW,25-099,4,4,360.0,4.0,2.0,1.0,3.0,2.0,0.0,0.0,0.0,0.0,1.6,1.6,0.7,2.4,9.0,11.0,20.0,0.5,0.25,0.75,0.5,0.75,0.41,0.18,0.59,0.41,0.59,Matches,Arsenal
Gabriel Magalhães, BRA,DF,26-274,4,4,360.0,4.0,1.0,0.0,1.0,1.0,0.0,0.0,1.0,0.0,0.5,0.5,0.3,0.7,0.0,10.0,0.0,0.25,0.0,0.25,0.25,0.25,0.12,0.07,0.18,0.12,0.18,Matches,Arsenal
Thomas Partey, GHA,MF,31-097,4,4,360.0,4.0,1.0,0.0,1.0,1.0,0.0,0.0,1.0,0.0,0.2,0.2,0.1,0.3,1.0,15.0,1.0,0.25,0.0,0.25,0.25,0.25,0.04,0.04,0.08,0.04,0.08,Matches,Arsenal
David Raya, ESP,GK,29-003,4,4,360.0,4.0,0.0,0.0,0.0,0.0,0.0,0.0,1.0,0.0,0.0,0.0,0.0,0.0,0.0,1.0,0.0,0.0,0.0,0.0,0.0,0.0,0.0,0.0,0.0,0.0,0.0,Matches,Arsenal
William Saliba, FRA,DF,23-178,4,4,360.0,4.0,0.0,0.0,0.0,0.0,0.0,0.0,1.0,0.0,0.0,0.0,0.0,0.0,1.0,11.0,0.0,0.0,0.0,0.0,0.0,0.0,0.0,0.0,0.0,0.0,0.0,Matches,Arsenal
Ben White, ENG,DF,26-346,4,4,360.0,4.0,0.0,0.0,0.0,0.0,0.0,0.0,0.0,0.0,0.1,0.1,0.0,0.1,1.0,18.0,8.0,0.0,0.0,0.0,0.0,0.0,0.03,0.0,0.03,0.03,0.03,Matches,Arsenal
Bukayo Saka, ENG,"FW,MF",23-013,4,4,341.0,3.8,1.0,4.0,5.0,1.0,0.0,0.0,1.0,0.0,1.5,1.5,1.4,2.8,11.0,10.0,38.0,0.26,1.06,1.32,0.26,1.32,0.38,0.36,0.74,0.38,0.74,Matches,Arsenal
Jurriën Timber, NED,DF,23-093,4,3,269.0,3.0,0.0,0.0,0.0,0.0,0.0,0.0,2.0,0.0,0.1,0.1,0.0,0.1,5.0,6.0,5.0,0.0,0.0,0.0,0.0,0.0,0.02,0.01,0.03,0.02,0.03,Matches,Arsenal
Martin Ødegaard, NOR,MF,25-276,3,3,253.0,2.8,0.0,0.0,0.0,0.0,0.0,0.0,1.0,0.0,0.4,0.4,0.3,0.7,8.0,19.0,11.0,0.0,0.0,0.0,0.0,0.0,0.16,0.1,0.26,0.16,0.26,Matches,Arsenal
Gabriel Martinelli, BRA,"FW,MF",23-092,4,3,250.0,2.8,0.0,0.0,0.0,0.0,0.0,0.0,0.0,0.0,0.2,0.2,0.8,1.1,14.0,4.0,30.0,0.0,0.0,0.0,0.0,0.0,0.09,0.29,0.38,0.09,0.38,Matches,Arsenal
Declan Rice, ENG,MF,25-248,3,3,222.0,2.5,0.0,0.0,0.0,0.0,0.0,0.0,3.0,1.0,0.2,0.2,0.3,0.5,4.0,18.0,9.0,0.0,0.0,0.0,0.0,0.0,0.07,0.14,0.21,0.07,0.21,Matches,Arsenal
Leandro Trossard, BEL,FW,29-289,4,2,174.0,1.9,1.0,0.0,1.0,1.0,0.0,0.0,0.0,0.0,0.3,0.3,0.4,0.7,6.0,7.0,7.0,0.52,0.0,0.52,0.52,0.52,0.13,0.21,0.34,0.13,0.34,Matches,Arsenal
Jorginho, ITA,MF,32-273,1,1,90.0,1.0,0.0,0.0,0.0,0.0,0.0,0.0,1.0,0.0,0.0,0.0,0.0,0.0,0.0,1.0,0.0,0.0,0.0,0.0,0.0,0.0,0.0,0.0,0.0,0.0,0.0,Matches,Arsenal
Oleksandr Zinchenko, UKR,DF,27-278,2,1,79.0,0.9,0.0,0.0,0.0,0.0,0.0,0.0,0.0,0.0,0.0,0.0,0.0,0.0,1.0,6.0,2.0,0.0,0.0,0.0,0.0,0.0,0.0,0.0,0.0,0.0,0.0,Matches,Arsenal
Riccardo Calafiori, ITA,DF,22-122,2,0,44.0,0.5,0.0,0.0,0.0,0.0,0.0,0.0,0.0,0.0,0.0,0.0,0.0,0.0,0.0,0.0,1.0,0.0,0.0,0.0,0.0,0.0,0.0,0.0,0.0,0.0,0.0,Matches,Arsenal
Gabriel Jesus, BRA,FW,27-168,2,0,17.0,0.2,0.0,0.0,0.0,0.0,0.0,0.0,1.0,0.0,0.0,0.0,0.0,0.0,1.0,0.0,0.0,0.0,0.0,0.0,0.0,0.0,0.0,0.0,0.0,0.0,0.0,Matches,Arsenal
Raheem Sterling, ENG,FW,29-285,1,0,11.0,0.1,0.0,0.0,0.0,0.0,0.0,0.0,0.0,0.0,0.0,0.0,0.0,0.0,0.0,0.0,1.0,0.0,0.0,0.0,0.0,0.0,0.0,0.0,0.0,0.0,0.0,Matches,Arsenal
Ethan Nwaneri, ENG,FW,17-181,1,0,5.0,0.1,0.0,0.0,0.0,0.0,0.0,0.0,0.0,0.0,0.0,0.0,0.0,0.0,1.0,1.0,1.0,0.0,0.0,0.0,0.0,0.0,0.0,0.0,0.0,0.0,0.0,Matches,Arsenal
Reiss Nelson, ENG,FW,24-283,1,0,3.0,0.0,0.0,0.0,0.0,0.0,0.0,0.0,0.0,0.0,0.0,0.0,0.0,0.0,0.0,0.0,0.0,0.0,0.0,0.0,0.0,0.0,0.0,0.0,0.0,0.0,0.0,Matches,Arsenal
Ayden Heaven, ENG,MF,17-362,0,0,,,,,,,,,,,,,,,,,,,,,,,,,,,,Matches,Arsenal
Ismeal Kabia, ENG,MF,18-283,0,0,,,,,,,,,,,,,,,,,,,,,,,,,,,,Matches,Arsenal
Maldini Kacurri, ALB,DF,18-350,0,0,,,,,,,,,,,,,,,,,,,,,,,,,,,,Matches,Arsenal
Jakub Kiwior, POL,"DF,MF",24-216,0,0,,,,,,,,,,,,,,,,,,,,,,,,,,,,Matches,Arsenal
Myles Lewis-Skelly, ENG,MF,17-358,0,0,,,,,,,,,,,,,,,,,,,,,,,,,,,,Matches,Arsenal
Neto, BRA,GK,35-061,0,0,,,,,,,,,,,,,,,,,,,,,,,,,,,,Matches,Arsenal
Eddie Nketiah, ENG,FW,25-111,0,0,,,,,,,,,,,,,,,,,,,,,,,,,,,,Matches,Arsenal
Salah Oulad M'Hand, NED,MF,21-029,0,0,,,,,,,,,,,,,,,,,,,,,,,,,,,,Matches,Arsenal
Aaron Ramsdale, ENG,GK,26-127,0,0,,,,,,,,,,,,,,,,,,,,,,,,,,,,Matches,Arsenal
Tommy Setford, ENG,GK,18-189,0,0,,,,,,,,,,,,,,,,,,,,,,,,,,,,Matches,Arsenal
Ezri Konsa, ENG,DF,26-331,4,4,360.0,4.0,0.0,0.0,0.0,0.0,0.0,0.0,0.0,0.0,0.1,0.1,0.0,0.1,1.0,8.0,1.0,0.0,0.0,0.0,0.0,0.0,0.02,0.01,0.02,0.02,0.02,Matches,AstonVilla
Emiliano Martínez, ARG,GK,32-016,4,4,360.0,4.0,0.0,0.0,0.0,0.0,0.0,0.0,1.0,0.0,0.0,0.0,0.0,0.0,0.0,0.0,0.0,0.0,0.0,0.0,0.0,0.0,0.0,0.0,0.0,0.0,0.0,Matches,AstonVilla
Morgan Rogers, ENG,"FW,MF",22-054,4,4,360.0,4.0,0.0,0.0,0.0,0.0,0.0,0.0,0.0,0.0,0.6,0.6,1.0,1.6,14.0,9.0,18.0,0.0,0.0,0.0,0.0,0.0,0.14,0.26,0.39,0.14,0.39,Matches,AstonVilla
Youri Tielemans, BEL,MF,27-134,4,4,360.0,4.0,0.0,1.0,1.0,0.0,0.0,0.0,1.0,0.0,0.2,0.2,1.0,1.1,4.0,25.0,3.0,0.0,0.25,0.25,0.0,0.25,0.05,0.24,0.28,0.05,0.28,Matches,AstonVilla
Pau Torres, ESP,DF,27-246,4,4,360.0,4.0,0.0,0.0,0.0,0.0,0.0,0.0,0.0,0.0,0.0,0.0,0.0,0.0,8.0,12.0,2.0,0.0,0.0,0.0,0.0,0.0,0.0,0.0,0.0,0.0,0.0,Matches,AstonVilla
Lucas Digne, FRA,DF,31-060,4,4,306.0,3.4,0.0,2.0,2.0,0.0,0.0,0.0,0.0,0.0,0.0,0.0,1.1,1.1,0.0,6.0,17.0,0.0,0.59,0.59,0.0,0.59,0.0,0.31,0.31,0.0,0.31,Matches,AstonVilla
John McGinn, SCO,"MF,FW",29-336,4,4,304.0,3.4,0.0,0.0,0.0,0.0,0.0,0.0,1.0,0.0,0.5,0.5,0.1,0.6,9.0,9.0,17.0,0.0,0.0,0.0,0.0,0.0,0.14,0.03,0.17,0.14,0.17,Matches,AstonVilla
Amadou Onana, BEL,MF,23-033,4,4,270.0,3.0,2.0,0.0,2.0,2.0,0.0,0.0,2.0,0.0,1.1,1.1,0.1,1.2,6.0,6.0,0.0,0.67,0.0,0.67,0.67,0.67,0.37,0.03,0.4,0.37,0.4,Matches,AstonVilla
Ollie Watkins, ENG,FW,28-263,4,4,268.0,3.0,2.0,1.0,3.0,2.0,0.0,0.0,0.0,0.0,2.8,2.8,0.5,3.3,2.0,1.0,11.0,0.67,0.34,1.01,0.67,1.01,0.93,0.18,1.11,0.93,1.11,Matches,AstonVilla
Leon Bailey, JAM,"MF,FW",27-040,3,3,178.0,2.0,0.0,0.0,0.0,0.0,0.0,0.0,1.0,0.0,0.2,0.2,0.1,0.4,7.0,5.0,9.0,0.0,0.0,0.0,0.0,0.0,0.12,0.06,0.18,0.12,0.18,Matches,AstonVilla
Lamare Bogarde, NED,DF,20-257,2,2,168.0,1.9,0.0,0.0,0.0,0.0,0.0,0.0,1.0,0.0,0.0,0.0,0.1,0.1,3.0,6.0,5.0,0.0,0.0,0.0,0.0,0.0,0.0,0.04,0.04,0.0,0.04,Matches,AstonVilla
Matty Cash, POL,DF,27-042,2,2,96.0,1.1,0.0,0.0,0.0,0.0,0.0,0.0,0.0,0.0,0.0,0.0,0.1,0.1,1.0,4.0,1.0,0.0,0.0,0.0,0.0,0.0,0.0,0.1,0.1,0.0,0.1,Matches,AstonVilla
Jacob Ramsey, ENG,"FW,MF",23-113,4,1,186.0,2.1,0.0,1.0,1.0,0.0,0.0,0.0,0.0,0.0,0.4,0.4,0.6,1.0,10.0,9.0,13.0,0.0,0.48,0.48,0.0,0.48,0.2,0.29,0.49,0.2,0.49,Matches,AstonVilla
Jhon Durán, COL,FW,20-280,4,0,107.0,1.2,3.0,0.0,3.0,3.0,0.0,0.0,1.0,0.0,1.0,1.0,0.0,1.0,0.0,1.0,8.0,2.52,0.0,2.52,2.52,2.52,0.87,0.0,0.87,0.87,0.87,Matches,AstonVilla
Kosta Nedeljković, SRB,DF,18-277,3,0,96.0,1.1,0.0,0.0,0.0,0.0,0.0,0.0,0.0,0.0,0.0,0.0,0.0,0.0,1.0,3.0,0.0,0.0,0.0,0.0,0.0,0.0,0.0,0.0,0.0,0.0,0.0,Matches,AstonVilla
Ross Barkley, ENG,MF,30-288,3,0,90.0,1.0,0.0,1.0,1.0,0.0,0.0,0.0,0.0,0.0,0.1,0.1,0.1,0.2,3.0,4.0,0.0,0.0,1.0,1.0,0.0,1.0,0.06,0.1,0.16,0.06,0.16,Matches,AstonVilla
Ian Maatsen, NED,"DF,MF",22-192,4,0,66.0,0.7,0.0,0.0,0.0,0.0,0.0,0.0,0.0,0.0,0.0,0.0,0.8,0.8,2.0,4.0,5.0,0.0,0.0,0.0,0.0,0.0,0.02,1.04,1.05,0.02,1.05,Matches,AstonVilla
Jaden Philogene Bidace, ENG,FW,22-223,2,0,18.0,0.2,0.0,0.0,0.0,0.0,0.0,0.0,1.0,0.0,0.1,0.1,0.0,0.1,0.0,0.0,2.0,0.0,0.0,0.0,0.0,0.0,0.33,0.0,0.33,0.33,0.33,Matches,AstonVilla
Emi Buendía, ARG,MF,27-268,1,0,7.0,0.1,0.0,0.0,0.0,0.0,0.0,0.0,0.0,0.0,0.0,0.0,0.0,0.0,0.0,1.0,1.0,0.0,0.0,0.0,0.0,0.0,0.0,0.0,0.0,0.0,0.0,Matches,AstonVilla
Diego Carlos, BRA,DF,31-187,0,0,,,,,,,,,,,,,,,,,,,,,,,,,,,,Matches,AstonVilla
Joe Gauci, AUS,GK,24-076,0,0,,,,,,,,,,,,,,,,,,,,,,,,,,,,Matches,AstonVilla
Sil Swinkels, NED,DF,20-256,0,0,,,,,,,,,,,,,,,,,,,,,,,,,,,,Matches,AstonVilla
Kadan Young, ENG,MF,18-243,0,0,,,,,,,,,,,,,,,,,,,,,,,,,,,,Matches,AstonVilla
Oliwier Zych, POL,GK,20-082,0,0,,,,,,,,,,,,,,,,,,,,,,,,,,,,Matches,AstonVilla
Antoine Semenyo, GHA,FW,24-255,4,4,360.0,4.0,2.0,1.0,3.0,2.0,0.0,0.0,2.0,0.0,1.5,1.5,1.7,3.2,15.0,7.0,32.0,0.5,0.25,0.75,0.5,0.75,0.38,0.42,0.8,0.38,0.8,Matches,Bournemouth
Illia Zabarnyi, UKR,DF,22-017,4,4,360.0,4.0,0.0,0.0,0.0,0.0,0.0,0.0,0.0,0.0,0.2,0.2,0.1,0.3,1.0,15.0,0.0,0.0,0.0,0.0,0.0,0.0,0.05,0.02,0.07,0.05,0.07,Matches,Bournemouth
Lewis Cook, ENG,MF,27-228,4,4,353.0,3.9,1.0,0.0,1.0,1.0,0.0,0.0,2.0,0.0,0.2,0.2,0.4,0.6,4.0,24.0,2.0,0.25,0.0,0.25,0.25,0.25,0.06,0.1,0.16,0.06,0.16,Matches,Bournemouth
Marcus Tavernier, ENG,"FW,MF",25-180,4,4,346.0,3.8,1.0,0.0,1.0,1.0,0.0,0.0,0.0,0.0,2.1,2.1,0.7,2.7,11.0,22.0,30.0,0.26,0.0,0.26,0.26,0.26,0.54,0.17,0.71,0.54,0.71,Matches,Bournemouth
Milos Kerkez, HUN,DF,20-316,4,4,335.0,3.7,0.0,0.0,0.0,0.0,0.0,0.0,1.0,0.0,0.1,0.0,0.1,0.1,7.0,14.0,10.0,0.0,0.0,0.0,0.0,0.0,0.02,0.03,0.05,0.01,0.03,Matches,Bournemouth
Justin Kluivert, NED,"MF,FW",25-136,4,3,263.0,2.9,0.0,1.0,1.0,0.0,0.0,0.0,2.0,0.0,0.4,0.4,0.8,1.2,7.0,12.0,23.0,0.0,0.34,0.34,0.0,0.34,0.15,0.27,0.42,0.15,0.42,Matches,Bournemouth
Marcos Senesi, ARG,DF,27-131,3,3,256.0,2.8,0.0,0.0,0.0,0.0,0.0,0.0,2.0,0.0,0.0,0.0,0.1,0.1,1.0,9.0,0.0,0.0,0.0,0.0,0.0,0.0,0.0,0.05,0.05,0.0,0.05,Matches,Bournemouth
Ryan Christie, SCO,MF,29-209,4,3,223.0,2.5,0.0,0.0,0.0,0.0,0.0,0.0,2.0,0.0,0.1,0.1,0.2,0.3,4.0,18.0,8.0,0.0,0.0,0.0,0.0,0.0,0.03,0.08,0.11,0.03,0.11,Matches,Bournemouth
Evanilson, BRA,FW,24-348,3,3,203.0,2.3,0.0,0.0,0.0,0.0,0.0,1.0,0.0,0.0,1.9,1.1,0.2,1.3,1.0,2.0,5.0,0.0,0.0,0.0,0.0,0.0,0.86,0.08,0.93,0.5,0.58,Matches,Bournemouth
Julian Araujo, MEX,DF,23-036,4,2,205.0,2.3,0.0,0.0,0.0,0.0,0.0,0.0,0.0,0.0,0.0,0.0,0.0,0.0,1.0,6.0,7.0,0.0,0.0,0.0,0.0,0.0,0.0,0.0,0.0,0.0,0.0,Matches,Bournemouth
Neto, BRA,GK,35-061,2,2,180.0,2.0,0.0,0.0,0.0,0.0,0.0,0.0,0.0,0.0,0.0,0.0,0.0,0.0,0.0,0.0,0.0,0.0,0.0,0.0,0.0,0.0,0.0,0.0,0.0,0.0,0.0,Matches,Bournemouth
Adam Smith, ENG,DF,33-142,4,2,155.0,1.7,0.0,0.0,0.0,0.0,0.0,0.0,1.0,0.0,0.0,0.0,0.1,0.1,2.0,2.0,1.0,0.0,0.0,0.0,0.0,0.0,0.0,0.04,0.04,0.0,0.04,Matches,Bournemouth
Alex Scott, ENG,MF,21-028,4,1,137.0,1.5,0.0,0.0,0.0,0.0,0.0,0.0,0.0,0.0,0.0,0.0,0.1,0.1,0.0,12.0,5.0,0.0,0.0,0.0,0.0,0.0,0.03,0.04,0.07,0.03,0.07,Matches,Bournemouth
Luis Sinisterra, COL,FW,25-093,4,1,129.0,1.4,1.0,1.0,2.0,1.0,0.0,0.0,0.0,0.0,0.7,0.7,0.3,1.0,7.0,3.0,12.0,0.7,0.7,1.4,0.7,1.4,0.45,0.21,0.67,0.45,0.67,Matches,Bournemouth
Dango Ouattara, BFA,"FW,DF",22-220,3,1,112.0,1.2,0.0,1.0,1.0,0.0,0.0,0.0,0.0,0.0,0.3,0.3,1.0,1.3,6.0,0.0,11.0,0.0,0.8,0.8,0.0,0.8,0.28,0.78,1.06,0.28,1.06,Matches,Bournemouth
Dean Huijsen, ESP,DF,19-157,2,1,104.0,1.2,0.0,0.0,0.0,0.0,0.0,0.0,0.0,0.0,0.0,0.0,0.0,0.0,0.0,5.0,1.0,0.0,0.0,0.0,0.0,0.0,0.0,0.02,0.02,0.0,0.02,Matches,Bournemouth
Kepa Arrizabalaga, ESP,GK,29-351,1,1,90.0,1.0,0.0,0.0,0.0,0.0,0.0,0.0,0.0,0.0,0.0,0.0,0.0,0.0,0.0,0.0,0.0,0.0,0.0,0.0,0.0,0.0,0.0,0.0,0.0,0.0,0.0,Matches,Bournemouth
Mark Travers, IRL,GK,25-123,1,1,90.0,1.0,0.0,0.0,0.0,0.0,0.0,0.0,0.0,0.0,0.0,0.0,0.0,0.0,0.0,0.0,0.0,0.0,0.0,0.0,0.0,0.0,0.0,0.0,0.0,0.0,0.0,Matches,Bournemouth
Daniel Jebbison, ENG,FW,21-036,2,0,28.0,0.3,0.0,0.0,0.0,0.0,0.0,0.0,0.0,0.0,0.0,0.0,0.0,0.0,1.0,0.0,1.0,0.0,0.0,0.0,0.0,0.0,0.0,0.07,0.07,0.0,0.07,Matches,Bournemouth
Philip Billing, DEN,MF,28-099,2,0,23.0,0.3,0.0,0.0,0.0,0.0,0.0,0.0,0.0,0.0,0.0,0.0,0.0,0.0,0.0,0.0,2.0,0.0,0.0,0.0,0.0,0.0,0.0,0.0,0.0,0.0,0.0,Matches,Bournemouth
Enes Ünal, TUR,FW,27-131,1,0,8.0,0.1,0.0,0.0,0.0,0.0,0.0,0.0,0.0,0.0,0.1,0.1,0.0,0.1,0.0,1.0,1.0,0.0,0.0,0.0,0.0,0.0,0.93,0.55,1.48,0.93,1.48,Matches,Bournemouth
Max Aarons, ENG,DF,24-258,0,0,,,,,,,,,,,,,,,,,,,,,,,,,,,,Matches,Bournemouth
Jaidon Anthony, ENG,"FW,MF",24-292,0,0,,,,,,,,,,,,,,,,,,,,,,,,,,,,Matches,Bournemouth
David Brooks, WAL,"FW,MF",27-072,0,0,,,,,,,,,,,,,,,,,,,,,,,,,,,,Matches,Bournemouth
Will Dennis, ENG,GK,24-070,0,0,,,,,,,,,,,,,,,,,,,,,,,,,,,,Matches,Bournemouth
James Hill, ENG,DF,22-252,0,0,,,,,,,,,,,,,,,,,,,,,,,,,,,,Matches,Bournemouth
Hamed Junior Traorè, CIV,"FW,MF",24-215,0,0,,,,,,,,,,,,,,,,,,,,,,,,,,,,Matches,Bournemouth
Nathan Collins, IRL,DF,23-141,4,4,360.0,4.0,0.0,0.0,0.0,0.0,0.0,0.0,1.0,0.0,0.6,0.6,0.0,0.6,4.0,7.0,1.0,0.0,0.0,0.0,0.0,0.0,0.15,0.0,0.15,0.15,0.15,Matches,Brentford
Mark Flekken, NED,GK,31-097,4,4,360.0,4.0,0.0,0.0,0.0,0.0,0.0,0.0,0.0,0.0,0.0,0.0,0.0,0.0,0.0,0.0,0.0,0.0,0.0,0.0,0.0,0.0,0.0,0.0,0.0,0.0,0.0,Matches,Brentford
Christian Nørgaard, DEN,MF,30-192,4,4,360.0,4.0,0.0,0.0,0.0,0.0,0.0,0.0,1.0,0.0,0.5,0.5,0.2,0.7,3.0,15.0,3.0,0.0,0.0,0.0,0.0,0.0,0.12,0.05,0.17,0.12,0.17,Matches,Brentford
Ethan Pinnock, JAM,DF,31-112,4,4,360.0,4.0,0.0,0.0,0.0,0.0,0.0,0.0,1.0,0.0,0.2,0.2,0.0,0.2,1.0,5.0,2.0,0.0,0.0,0.0,0.0,0.0,0.06,0.0,0.06,0.06,0.06,Matches,Brentford
Bryan Mbeumo, CMR,FW,25-042,4,4,359.0,4.0,3.0,0.0,3.0,3.0,0.0,0.0,2.0,0.0,1.1,1.1,1.3,2.4,16.0,11.0,31.0,0.75,0.0,0.75,0.75,0.75,0.28,0.32,0.6,0.28,0.6,Matches,Brentford
Vitaly Janelt, GER,"MF,DF",26-131,4,4,290.0,3.2,0.0,0.0,0.0,0.0,0.0,0.0,0.0,0.0,0.1,0.1,0.1,0.1,1.0,12.0,6.0,0.0,0.0,0.0,0.0,0.0,0.02,0.02,0.04,0.02,0.04,Matches,Brentford
Kristoffer Ajer, NOR,DF,26-154,4,4,289.0,3.2,0.0,0.0,0.0,0.0,0.0,0.0,0.0,0.0,0.3,0.3,0.0,0.3,4.0,12.0,7.0,0.0,0.0,0.0,0.0,0.0,0.09,0.01,0.09,0.09,0.09,Matches,Brentford
Yoane Wissa, COD,FW,28-015,4,4,289.0,3.2,3.0,1.0,4.0,3.0,0.0,0.0,1.0,0.0,2.4,2.4,0.3,2.8,6.0,7.0,11.0,0.93,0.31,1.25,0.93,1.25,0.76,0.1,0.86,0.76,0.86,Matches,Brentford
Mathias Jensen, DEN,MF,28-261,3,3,238.0,2.6,0.0,1.0,1.0,0.0,0.0,0.0,1.0,0.0,0.1,0.1,0.7,0.8,1.0,12.0,11.0,0.0,0.38,0.38,0.0,0.38,0.04,0.28,0.32,0.04,0.32,Matches,Brentford
Mads Roerslev, DEN,DF,25-086,4,2,251.0,2.8,0.0,0.0,0.0,0.0,0.0,0.0,0.0,0.0,0.0,0.0,0.2,0.2,3.0,10.0,10.0,0.0,0.0,0.0,0.0,0.0,0.0,0.06,0.06,0.0,0.06,Matches,Brentford
Kevin Schade, GER,FW,22-296,4,2,211.0,2.3,0.0,0.0,0.0,0.0,0.0,0.0,0.0,0.0,0.4,0.4,0.1,0.5,6.0,2.0,17.0,0.0,0.0,0.0,0.0,0.0,0.16,0.05,0.21,0.16,0.21,Matches,Brentford
Mikkel Damsgaard, DEN,MF,24-077,4,2,206.0,2.3,0.0,0.0,0.0,0.0,0.0,0.0,0.0,0.0,0.2,0.2,0.4,0.6,9.0,16.0,5.0,0.0,0.0,0.0,0.0,0.0,0.1,0.16,0.26,0.1,0.26,Matches,Brentford
Keane Lewis-Potter, ENG,"DF,MF",23-209,4,2,188.0,2.1,0.0,0.0,0.0,0.0,0.0,0.0,0.0,0.0,0.1,0.1,0.0,0.1,2.0,5.0,10.0,0.0,0.0,0.0,0.0,0.0,0.04,0.02,0.06,0.04,0.06,Matches,Brentford
Sepp van den Berg, NED,DF,22-273,2,1,106.0,1.2,0.0,0.0,0.0,0.0,0.0,0.0,0.0,0.0,0.0,0.0,0.0,0.0,0.0,1.0,0.0,0.0,0.0,0.0,0.0,0.0,0.0,0.0,0.0,0.0,0.0,Matches,Brentford
Fabio Carvalho, POR,"MF,FW",22-019,4,0,60.0,0.7,0.0,0.0,0.0,0.0,0.0,0.0,0.0,0.0,0.1,0.1,0.0,0.1,3.0,1.0,3.0,0.0,0.0,0.0,0.0,0.0,0.11,0.0,0.11,0.11,0.11,Matches,Brentford
Frank Onyeka, NGA,MF,26-261,2,0,25.0,0.3,0.0,0.0,0.0,0.0,0.0,0.0,0.0,0.0,0.0,0.0,0.0,0.0,0.0,1.0,0.0,0.0,0.0,0.0,0.0,0.0,0.0,0.0,0.0,0.0,0.0,Matches,Brentford
Yehor Yarmoliuk, UKR,MF,20-201,1,0,7.0,0.1,0.0,0.0,0.0,0.0,0.0,0.0,0.0,0.0,0.0,0.0,0.0,0.0,0.0,0.0,0.0,0.0,0.0,0.0,0.0,0.0,0.55,0.0,0.55,0.55,0.55,Matches,Brentford
Ben Mee, ENG,DF,34-363,1,0,1.0,0.0,0.0,0.0,0.0,0.0,0.0,0.0,0.0,0.0,0.0,0.0,0.0,0.0,0.0,0.0,0.0,0.0,0.0,0.0,0.0,0.0,0.0,0.0,0.0,0.0,0.0,Matches,Brentford
Yunus Emre Konak, TUR,MF,18-252,0,0,,,,,,,,,,,,,,,,,,,,,,,,,,,,Matches,Brentford
Jayden Meghoma, ENG,DF,18-082,0,0,,,,,,,,,,,,,,,,,,,,,,,,,,,,Matches,Brentford
Myles Peart-Harris, ENG,MF,22-000,0,0,,,,,,,,,,,,,,,,,,,,,,,,,,,,Matches,Brentford
Hákon Rafn Valdimarsson, ISL,GK,22-341,0,0,,,,,,,,,,,,,,,,,,,,,,,,,,,,Matches,Brentford
Ryan Trevitt, ENG,MF,21-190,0,0,,,,,,,,,,,,,,,,,,,,,,,,,,,,Matches,Brentford
Jan Paul van Hecke, NED,DF,24-102,4,4,360.0,4.0,0.0,0.0,0.0,0.0,0.0,0.0,1.0,0.0,0.1,0.1,0.0,0.1,3.0,30.0,0.0,0.0,0.0,0.0,0.0,0.0,0.01,0.0,0.01,0.01,0.01,Matches,Brighton
Kaoru Mitoma, JPN,"FW,MF",27-121,4,4,351.0,3.9,1.0,1.0,2.0,1.0,0.0,0.0,0.0,0.0,1.7,1.7,1.0,2.7,24.0,8.0,43.0,0.26,0.26,0.51,0.26,0.51,0.43,0.26,0.69,0.43,0.69,Matches,Brighton
Lewis Dunk, ENG,DF,32-302,4,4,345.0,3.8,0.0,0.0,0.0,0.0,0.0,0.0,0.0,0.0,0.2,0.2,0.4,0.6,3.0,24.0,0.0,0.0,0.0,0.0,0.0,0.0,0.04,0.11,0.15,0.04,0.15,Matches,Brighton
Joël Veltman, NED,DF,32-247,4,4,341.0,3.8,0.0,0.0,0.0,0.0,0.0,0.0,1.0,0.0,0.1,0.1,0.1,0.2,11.0,15.0,7.0,0.0,0.0,0.0,0.0,0.0,0.01,0.03,0.04,0.01,0.04,Matches,Brighton
Jack Hinshelwood, ENG,DF,19-160,4,4,337.0,3.7,0.0,0.0,0.0,0.0,0.0,0.0,1.0,0.0,0.2,0.2,0.2,0.4,5.0,18.0,17.0,0.0,0.0,0.0,0.0,0.0,0.06,0.04,0.1,0.06,0.1,Matches,Brighton
Danny Welbeck, ENG,FW,33-297,4,4,336.0,3.7,2.0,1.0,3.0,2.0,0.0,0.0,0.0,0.0,1.6,1.6,0.2,1.8,3.0,8.0,14.0,0.54,0.27,0.8,0.54,0.8,0.42,0.05,0.48,0.42,0.48,Matches,Brighton
Yankuba Minteh, GAM,"FW,MF",20-058,4,4,271.0,3.0,0.0,1.0,1.0,0.0,0.0,0.0,2.0,0.0,0.4,0.4,1.5,2.0,12.0,8.0,32.0,0.0,0.33,0.33,0.0,0.33,0.15,0.51,0.66,0.15,0.66,Matches,Brighton
João Pedro, BRA,"MF,FW",22-358,3,3,261.0,2.9,2.0,0.0,2.0,2.0,0.0,0.0,1.0,0.0,0.8,0.8,0.2,1.0,13.0,13.0,13.0,0.69,0.0,0.69,0.69,0.69,0.28,0.08,0.36,0.28,0.36,Matches,Brighton
James Milner, ENG,MF,38-258,3,3,169.0,1.9,0.0,0.0,0.0,0.0,0.0,0.0,1.0,0.0,0.2,0.2,0.2,0.4,1.0,10.0,10.0,0.0,0.0,0.0,0.0,0.0,0.09,0.12,0.21,0.09,0.21,Matches,Brighton
Carlos Baleba, CMR,MF,20-259,3,2,198.0,2.2,0.0,0.0,0.0,0.0,0.0,0.0,0.0,0.0,0.4,0.4,0.1,0.5,5.0,12.0,2.0,0.0,0.0,0.0,0.0,0.0,0.17,0.05,0.22,0.17,0.22,Matches,Brighton
Jason Steele, ENG,GK,34-031,2,2,180.0,2.0,0.0,0.0,0.0,0.0,0.0,0.0,0.0,0.0,0.0,0.0,0.0,0.0,0.0,0.0,0.0,0.0,0.0,0.0,0.0,0.0,0.0,0.0,0.0,0.0,0.0,Matches,Brighton
Bart Verbruggen, NED,GK,22-031,2,2,180.0,2.0,0.0,0.0,0.0,0.0,0.0,0.0,1.0,0.0,0.0,0.0,0.0,0.0,0.0,0.0,0.0,0.0,0.0,0.0,0.0,0.0,0.0,0.0,0.0,0.0,0.0,Matches,Brighton
Yasin Ayari, SWE,MF,20-348,4,1,167.0,1.9,0.0,0.0,0.0,0.0,0.0,0.0,0.0,0.0,0.5,0.5,0.1,0.6,5.0,8.0,10.0,0.0,0.0,0.0,0.0,0.0,0.28,0.04,0.32,0.28,0.32,Matches,Brighton
Billy Gilmour, SCO,MF,23-099,2,1,98.0,1.1,0.0,0.0,0.0,0.0,0.0,0.0,0.0,0.0,0.1,0.1,0.0,0.1,2.0,11.0,2.0,0.0,0.0,0.0,0.0,0.0,0.07,0.0,0.07,0.07,0.07,Matches,Brighton
Mats Wieffer, NED,MF,24-307,1,1,90.0,1.0,0.0,1.0,1.0,0.0,0.0,0.0,0.0,0.0,0.0,0.0,0.1,0.1,0.0,3.0,0.0,0.0,1.0,1.0,0.0,1.0,0.0,0.07,0.07,0.0,0.07,Matches,Brighton
Georginio Rutter, FRA,FW,22-151,3,1,86.0,1.0,0.0,0.0,0.0,0.0,0.0,0.0,0.0,0.0,0.5,0.5,0.1,0.6,2.0,8.0,7.0,0.0,0.0,0.0,0.0,0.0,0.55,0.08,0.64,0.55,0.64,Matches,Brighton
Simon Adingra, CIV,"FW,MF",22-261,4,0,76.0,0.8,1.0,1.0,2.0,1.0,0.0,0.0,0.0,0.0,0.3,0.3,0.5,0.7,3.0,0.0,22.0,1.18,1.18,2.37,1.18,2.37,0.34,0.55,0.89,0.34,0.89,Matches,Brighton
Julio Enciso, PAR,"MF,FW",20-239,3,0,42.0,0.5,0.0,0.0,0.0,0.0,0.0,0.0,0.0,0.0,0.1,0.1,0.1,0.2,2.0,2.0,6.0,0.0,0.0,0.0,0.0,0.0,0.16,0.29,0.45,0.16,0.45,Matches,Brighton
Ferdi Kadioglu, TUR,DF,24-347,1,0,23.0,0.3,0.0,0.0,0.0,0.0,0.0,0.0,0.0,0.0,0.0,0.0,0.1,0.1,1.0,2.0,0.0,0.0,0.0,0.0,0.0,0.0,0.11,0.34,0.46,0.11,0.46,Matches,Brighton
Pervis Estupiñán, ECU,DF,26-241,1,0,19.0,0.2,0.0,0.0,0.0,0.0,0.0,0.0,0.0,0.0,0.0,0.0,0.1,0.1,3.0,7.0,4.0,0.0,0.0,0.0,0.0,0.0,0.2,0.26,0.45,0.2,0.45,Matches,Brighton
Adam Webster, ENG,DF,29-258,1,0,15.0,0.2,0.0,0.0,0.0,0.0,0.0,0.0,0.0,0.0,0.0,0.0,0.0,0.0,0.0,5.0,1.0,0.0,0.0,0.0,0.0,0.0,0.0,0.0,0.0,0.0,0.0,Matches,Brighton
Jeremy Sarmiento, ECU,MF,22-094,1,0,9.0,0.1,0.0,0.0,0.0,0.0,0.0,0.0,0.0,0.0,0.0,0.0,0.0,0.0,0.0,0.0,2.0,0.0,0.0,0.0,0.0,0.0,0.0,0.0,0.0,0.0,0.0,Matches,Brighton
Evan Ferguson, IRL,FW,19-335,1,0,6.0,0.1,0.0,0.0,0.0,0.0,0.0,0.0,0.0,0.0,0.1,0.1,0.0,0.1,0.0,0.0,0.0,0.0,0.0,0.0,0.0,0.0,0.92,0.0,0.92,0.92,0.92,Matches,Brighton
Valentín Barco, ARG,DF,20-057,0,0,,,,,,,,,,,,,,,,,,,,,,,,,,,,Matches,Brighton
Igor, BRA,DF,26-224,0,0,,,,,,,,,,,,,,,,,,,,,,,,,,,,Matches,Brighton
Tariq Lamptey, GHA,"DF,MF",23-354,0,0,,,,,,,,,,,,,,,,,,,,,,,,,,,,Matches,Brighton
Jakub Moder, POL,MF,25-164,0,0,,,,,,,,,,,,,,,,,,,,,,,,,,,,Matches,Brighton
Mark O'Mahony, IRL,FW,19-248,0,0,,,,,,,,,,,,,,,,,,,,,,,,,,,,Matches,Brighton
Carl Rushworth, ENG,GK,23-078,0,0,,,,,,,,,,,,,,,,,,,,,,,,,,,,Matches,Brighton
Levi Colwill, ENG,DF,21-205,4,4,360.0,4.0,0.0,0.0,0.0,0.0,0.0,0.0,1.0,0.0,0.2,0.2,0.0,0.2,3.0,20.0,0.0,0.0,0.0,0.0,0.0,0.0,0.04,0.0,0.04,0.04,0.04,Matches,Chelsea
Wesley Fofana, FRA,DF,23-276,4,4,360.0,4.0,0.0,0.0,0.0,0.0,0.0,0.0,2.0,0.0,0.0,0.0,0.4,0.4,3.0,11.0,3.0,0.0,0.0,0.0,0.0,0.0,0.01,0.09,0.1,0.01,0.1,Matches,Chelsea
Robert Sánchez, ESP,GK,26-305,4,4,360.0,4.0,0.0,0.0,0.0,0.0,0.0,0.0,1.0,0.0,0.0,0.0,0.0,0.0,0.0,0.0,0.0,0.0,0.0,0.0,0.0,0.0,0.0,0.0,0.0,0.0,0.0,Matches,Chelsea
Cole Palmer, ENG,"MF,FW",22-135,4,4,352.0,3.9,1.0,4.0,5.0,1.0,0.0,0.0,2.0,0.0,0.8,0.8,1.7,2.5,11.0,23.0,18.0,0.26,1.02,1.28,0.26,1.28,0.21,0.44,0.65,0.21,0.65,Matches,Chelsea
Moisés Caicedo, ECU,MF,22-321,4,4,345.0,3.8,0.0,0.0,0.0,0.0,0.0,0.0,1.0,0.0,0.1,0.1,0.0,0.1,5.0,14.0,6.0,0.0,0.0,0.0,0.0,0.0,0.01,0.01,0.02,0.01,0.02,Matches,Chelsea
Marc Cucurella, ESP,DF,26-058,4,4,341.0,3.8,0.0,0.0,0.0,0.0,0.0,0.0,2.0,0.0,0.0,0.0,0.0,0.0,5.0,15.0,13.0,0.0,0.0,0.0,0.0,0.0,0.0,0.0,0.0,0.0,0.0,Matches,Chelsea
Nicolas Jackson, SEN,FW,23-090,4,4,301.0,3.3,2.0,1.0,3.0,2.0,0.0,0.0,2.0,0.0,2.5,2.5,0.3,2.9,4.0,6.0,15.0,0.6,0.3,0.9,0.6,0.9,0.76,0.1,0.86,0.76,0.86,Matches,Chelsea
Enzo Fernández, ARG,MF,23-245,3,3,270.0,3.0,0.0,0.0,0.0,0.0,0.0,0.0,0.0,0.0,0.2,0.2,0.1,0.4,2.0,11.0,10.0,0.0,0.0,0.0,0.0,0.0,0.07,0.05,0.12,0.07,0.12,Matches,Chelsea
Malo Gusto, FRA,DF,21-122,3,3,253.0,2.8,0.0,0.0,0.0,0.0,0.0,0.0,1.0,0.0,0.0,0.0,0.1,0.1,5.0,5.0,10.0,0.0,0.0,0.0,0.0,0.0,0.01,0.04,0.05,0.01,0.05,Matches,Chelsea
Noni Madueke, ENG,FW,22-192,3,3,236.0,2.6,3.0,0.0,3.0,3.0,0.0,0.0,0.0,0.0,1.2,1.2,0.5,1.6,12.0,6.0,20.0,1.14,0.0,1.14,1.14,1.14,0.45,0.18,0.62,0.45,0.62,Matches,Chelsea
Pedro Neto, POR,FW,24-193,4,2,180.0,2.0,0.0,1.0,1.0,0.0,0.0,0.0,1.0,0.0,0.0,0.0,0.3,0.4,12.0,3.0,17.0,0.0,0.5,0.5,0.0,0.5,0.02,0.17,0.19,0.02,0.19,Matches,Chelsea
Renato Veiga, POR,"MF,DF",21-051,3,1,109.0,1.2,0.0,0.0,0.0,0.0,0.0,0.0,1.0,0.0,0.0,0.0,0.0,0.0,4.0,5.0,1.0,0.0,0.0,0.0,0.0,0.0,0.03,0.0,0.03,0.03,0.03,Matches,Chelsea
Christopher Nkunku, FRA,FW,26-309,4,1,82.0,0.9,1.0,0.0,1.0,1.0,0.0,0.0,0.0,0.0,0.4,0.4,0.2,0.7,3.0,4.0,12.0,1.1,0.0,1.1,1.1,1.1,0.49,0.24,0.73,0.49,0.73,Matches,Chelsea
Roméo Lavia, BEL,MF,20-256,1,1,66.0,0.7,0.0,0.0,0.0,0.0,0.0,0.0,0.0,0.0,0.0,0.0,0.5,0.5,0.0,2.0,1.0,0.0,0.0,0.0,0.0,0.0,0.0,0.65,0.65,0.0,0.65,Matches,Chelsea
Mykhailo Mudryk, UKR,FW,23-257,2,1,62.0,0.7,0.0,0.0,0.0,0.0,0.0,0.0,0.0,0.0,0.0,0.0,0.5,0.5,3.0,4.0,4.0,0.0,0.0,0.0,0.0,0.0,0.0,0.66,0.66,0.0,0.66,Matches,Chelsea
Axel Disasi, FRA,DF,26-191,1,1,60.0,0.7,0.0,0.0,0.0,0.0,0.0,0.0,0.0,0.0,0.0,0.0,0.0,0.0,0.0,5.0,0.0,0.0,0.0,0.0,0.0,0.0,0.0,0.0,0.0,0.0,0.0,Matches,Chelsea
João Félix, POR,"MF,FW",24-313,3,0,85.0,0.9,1.0,0.0,1.0,1.0,0.0,0.0,1.0,0.0,0.3,0.3,0.0,0.3,6.0,5.0,8.0,1.06,0.0,1.06,1.06,1.06,0.29,0.0,0.29,0.29,0.29,Matches,Chelsea
Jadon Sancho, ENG,FW,24-177,1,0,45.0,0.5,0.0,1.0,1.0,0.0,0.0,0.0,1.0,0.0,0.0,0.0,0.4,0.4,2.0,6.0,9.0,0.0,2.0,2.0,0.0,2.0,0.0,0.75,0.75,0.0,0.75,Matches,Chelsea
Kiernan Dewsbury-Hall, ENG,MF,26-012,2,0,39.0,0.4,0.0,0.0,0.0,0.0,0.0,0.0,0.0,0.0,0.0,0.0,0.0,0.0,2.0,1.0,0.0,0.0,0.0,0.0,0.0,0.0,0.0,0.0,0.0,0.0,0.0,Matches,Chelsea
Tosin Adarabioyo, ENG,DF,26-360,1,0,30.0,0.3,0.0,0.0,0.0,0.0,0.0,0.0,0.0,0.0,0.0,0.0,0.0,0.0,0.0,2.0,0.0,0.0,0.0,0.0,0.0,0.0,0.0,0.05,0.05,0.0,0.05,Matches,Chelsea
Marc Guiu, ESP,FW,18-258,1,0,24.0,0.3,0.0,0.0,0.0,0.0,0.0,0.0,0.0,0.0,0.0,0.0,0.0,0.0,0.0,0.0,0.0,0.0,0.0,0.0,0.0,0.0,0.0,0.0,0.0,0.0,0.0,Matches,Chelsea
Benoît Badiashile, FRA,DF,23-176,0,0,,,,,,,,,,,,,,,,,,,,,,,,,,,,Matches,Chelsea
Cesare Casadei, ITA,MF,21-252,0,0,,,,,,,,,,,,,,,,,,,,,,,,,,,,Matches,Chelsea
Filip Jørgensen, DEN,GK,22-155,0,0,,,,,,,,,,,,,,,,,,,,,,,,,,,,Matches,Chelsea
Eberechi Eze, ENG,MF,26-081,4,4,360.0,4.0,1.0,0.0,1.0,1.0,0.0,0.0,0.0,0.0,1.6,1.6,0.5,2.0,17.0,31.0,38.0,0.25,0.0,0.25,0.25,0.25,0.39,0.12,0.51,0.39,0.51,Matches,CrystalPalace
Marc Guéhi, ENG,DF,24-067,4,4,360.0,4.0,0.0,0.0,0.0,0.0,0.0,0.0,1.0,0.0,0.0,0.0,0.0,0.0,2.0,10.0,0.0,0.0,0.0,0.0,0.0,0.0,0.0,0.0,0.0,0.0,0.0,Matches,CrystalPalace
Dean Henderson, ENG,GK,27-190,4,4,360.0,4.0,0.0,0.0,0.0,0.0,0.0,0.0,0.0,0.0,0.0,0.0,0.0,0.0,0.0,0.0,0.0,0.0,0.0,0.0,0.0,0.0,0.0,0.0,0.0,0.0,0.0,Matches,CrystalPalace
Tyrick Mitchell, ENG,DF,25-017,4,4,358.0,4.0,0.0,1.0,1.0,0.0,0.0,0.0,0.0,0.0,0.2,0.2,1.2,1.4,8.0,16.0,34.0,0.0,0.25,0.25,0.0,0.25,0.06,0.29,0.35,0.06,0.35,Matches,CrystalPalace
Daniel Muñoz, COL,DF,28-115,4,4,350.0,3.9,0.0,0.0,0.0,0.0,0.0,0.0,1.0,0.0,0.2,0.2,0.2,0.4,6.0,12.0,31.0,0.0,0.0,0.0,0.0,0.0,0.04,0.06,0.1,0.04,0.1,Matches,CrystalPalace
Adam Wharton, ENG,MF,20-108,4,4,343.0,3.8,0.0,0.0,0.0,0.0,0.0,0.0,0.0,0.0,0.1,0.1,0.4,0.5,3.0,36.0,4.0,0.0,0.0,0.0,0.0,0.0,0.03,0.1,0.13,0.03,0.13,Matches,CrystalPalace
Jean-Philippe Mateta, FRA,FW,27-082,4,4,293.0,3.3,2.0,0.0,2.0,1.0,1.0,1.0,0.0,0.0,1.7,0.9,0.3,1.3,1.0,6.0,11.0,0.61,0.0,0.61,0.31,0.31,0.52,0.1,0.63,0.28,0.39,Matches,CrystalPalace
Chris Richards, USA,DF,24-174,3,3,254.0,2.8,0.0,0.0,0.0,0.0,0.0,0.0,1.0,0.0,0.1,0.1,0.0,0.1,2.0,2.0,1.0,0.0,0.0,0.0,0.0,0.0,0.04,0.0,0.04,0.04,0.04,Matches,CrystalPalace
Daichi Kamada, JPN,"MF,FW",28-044,4,2,211.0,2.3,0.0,0.0,0.0,0.0,0.0,0.0,1.0,0.0,0.2,0.2,0.1,0.4,8.0,16.0,20.0,0.0,0.0,0.0,0.0,0.0,0.1,0.05,0.15,0.1,0.15,Matches,CrystalPalace
Will Hughes, ENG,MF,29-154,3,2,177.0,2.0,0.0,0.0,0.0,0.0,0.0,0.0,1.0,0.0,0.0,0.0,0.0,0.0,2.0,11.0,4.0,0.0,0.0,0.0,0.0,0.0,0.0,0.01,0.01,0.0,0.01,Matches,CrystalPalace
Nathaniel Clyne, ENG,DF,33-166,2,2,153.0,1.7,0.0,0.0,0.0,0.0,0.0,0.0,0.0,0.0,0.0,0.0,0.0,0.0,1.0,4.0,1.0,0.0,0.0,0.0,0.0,0.0,0.0,0.0,0.0,0.0,0.0,Matches,CrystalPalace
Odsonne Édouard, FRA,"MF,FW",26-246,2,1,115.0,1.3,0.0,0.0,0.0,0.0,0.0,0.0,0.0,0.0,0.4,0.4,0.0,0.4,2.0,4.0,7.0,0.0,0.0,0.0,0.0,0.0,0.31,0.04,0.34,0.31,0.34,Matches,CrystalPalace
Cheick Doucouré, MLI,MF,24-254,3,1,93.0,1.0,0.0,0.0,0.0,0.0,0.0,0.0,0.0,0.0,0.0,0.0,0.0,0.0,1.0,6.0,0.0,0.0,0.0,0.0,0.0,0.0,0.04,0.0,0.04,0.04,0.04,Matches,CrystalPalace
Joachim Andersen, DEN,DF,28-110,1,1,90.0,1.0,0.0,0.0,0.0,0.0,0.0,0.0,1.0,0.0,0.0,0.0,0.0,0.0,1.0,4.0,1.0,0.0,0.0,0.0,0.0,0.0,0.04,0.0,0.04,0.04,0.04,Matches,CrystalPalace
Maxence Lacroix, FRA,DF,24-165,1,1,90.0,1.0,0.0,0.0,0.0,0.0,0.0,0.0,0.0,0.0,0.0,0.0,0.1,0.1,0.0,2.0,0.0,0.0,0.0,0.0,0.0,0.0,0.0,0.05,0.05,0.0,0.05,Matches,CrystalPalace
Eddie Nketiah, ENG,MF,25-111,1,1,90.0,1.0,0.0,0.0,0.0,0.0,0.0,0.0,0.0,0.0,0.3,0.3,0.1,0.5,5.0,2.0,9.0,0.0,0.0,0.0,0.0,0.0,0.34,0.14,0.48,0.34,0.48,Matches,CrystalPalace
Chadi Riad, MAR,DF,21-093,1,1,90.0,1.0,0.0,0.0,0.0,0.0,0.0,0.0,0.0,0.0,0.0,0.0,0.0,0.0,2.0,7.0,0.0,0.0,0.0,0.0,0.0,0.0,0.0,0.0,0.0,0.0,0.0,Matches,CrystalPalace
Jefferson Lerma, COL,MF,29-329,2,1,79.0,0.9,0.0,0.0,0.0,0.0,0.0,0.0,1.0,0.0,0.0,0.0,0.5,0.5,1.0,7.0,2.0,0.0,0.0,0.0,0.0,0.0,0.02,0.52,0.54,0.02,0.54,Matches,CrystalPalace
Ismaila Sarr, SEN,"MF,FW",26-206,4,0,59.0,0.7,0.0,0.0,0.0,0.0,0.0,0.0,0.0,0.0,0.2,0.2,0.6,0.7,2.0,1.0,9.0,0.0,0.0,0.0,0.0,0.0,0.27,0.85,1.13,0.27,1.13,Matches,CrystalPalace
Jordan Ayew, GHA,"FW,MF",33-007,1,0,21.0,0.2,0.0,0.0,0.0,0.0,0.0,0.0,1.0,0.0,0.5,0.5,0.0,0.5,0.0,0.0,1.0,0.0,0.0,0.0,0.0,0.0,1.96,0.21,2.17,1.96,2.17,Matches,CrystalPalace
Jeffrey Schlupp, GHA,"DF,MF",31-270,3,0,14.0,0.2,0.0,0.0,0.0,0.0,0.0,0.0,0.0,0.0,0.0,0.0,0.0,0.0,0.0,1.0,2.0,0.0,0.0,0.0,0.0,0.0,0.0,0.0,0.0,0.0,0.0,Matches,CrystalPalace
Asher Agbinone, ENG,MF,18-356,0,0,,,,,,,,,,,,,,,,,,,,,,,,,,,,Matches,CrystalPalace
Naouirou Ahamada, FRA,MF,22-173,0,0,,,,,,,,,,,,,,,,,,,,,,,,,,,,Matches,CrystalPalace
Justin Devenny, NIR,MF,20-343,0,0,,,,,,,,,,,,,,,,,,,,,,,,,,,,Matches,CrystalPalace
Rob Holding, ENG,DF,28-364,0,0,,,,,,,,,,,,,,,,,,,,,,,,,,,,Matches,CrystalPalace
Sam Johnstone, ENG,GK,31-177,0,0,,,,,,,,,,,,,,,,,,,,,,,,,,,,Matches,CrystalPalace
Remi Matthews, ENG,GK,30-221,0,0,,,,,,,,,,,,,,,,,,,,,,,,,,,,Matches,CrystalPalace
Kaden Rodney, ENG,DF,19-347,0,0,,,,,,,,,,,,,,,,,,,,,,,,,,,,Matches,CrystalPalace
Matt Turner, USA,GK,30-086,0,0,,,,,,,,,,,,,,,,,,,,,,,,,,,,Matches,CrystalPalace
Franco Umeh-Chibueze, IRL,MF,19-236,0,0,,,,,,,,,,,,,,,,,,,,,,,,,,,,Matches,CrystalPalace
Joel Ward, ENG,"DF,MF",34-325,0,0,,,,,,,,,,,,,,,,,,,,,,,,,,,,Matches,CrystalPalace
Michael Keane, ENG,DF,31-251,4,4,360.0,4.0,1.0,0.0,1.0,1.0,0.0,0.0,1.0,0.0,0.3,0.3,0.1,0.3,0.0,8.0,0.0,0.25,0.0,0.25,0.25,0.25,0.07,0.02,0.08,0.07,0.08,Matches,Everton
Dwight McNeil, ENG,"MF,FW",24-301,4,4,360.0,4.0,1.0,2.0,3.0,1.0,0.0,0.0,0.0,0.0,0.1,0.1,2.1,2.3,3.0,16.0,21.0,0.25,0.5,0.75,0.25,0.75,0.04,0.53,0.57,0.04,0.57,Matches,Everton
Jordan Pickford, ENG,GK,30-195,4,4,360.0,4.0,0.0,0.0,0.0,0.0,0.0,0.0,0.0,0.0,0.0,0.0,0.0,0.0,0.0,0.0,0.0,0.0,0.0,0.0,0.0,0.0,0.0,0.0,0.0,0.0,0.0,Matches,Everton
James Tarkowski, ENG,DF,31-304,4,4,360.0,4.0,0.0,0.0,0.0,0.0,0.0,0.0,1.0,0.0,0.3,0.3,0.4,0.7,1.0,7.0,0.0,0.0,0.0,0.0,0.0,0.0,0.09,0.1,0.18,0.09,0.18,Matches,Everton
Tim Iroegbunam, ENG,MF,21-080,4,4,350.0,3.9,0.0,0.0,0.0,0.0,0.0,0.0,2.0,0.0,0.2,0.2,0.1,0.3,5.0,10.0,7.0,0.0,0.0,0.0,0.0,0.0,0.06,0.03,0.08,0.06,0.08,Matches,Everton
Idrissa Gana Gueye, SEN,MF,34-358,4,4,332.0,3.7,0.0,0.0,0.0,0.0,0.0,0.0,0.0,0.0,0.1,0.1,0.0,0.1,2.0,13.0,3.0,0.0,0.0,0.0,0.0,0.0,0.03,0.0,0.03,0.03,0.03,Matches,Everton
Dominic Calvert-Lewin, ENG,FW,27-186,4,4,323.0,3.6,2.0,1.0,3.0,2.0,0.0,0.0,0.0,0.0,1.2,1.2,0.2,1.4,3.0,4.0,16.0,0.56,0.28,0.84,0.56,0.84,0.34,0.06,0.4,0.34,0.4,Matches,Everton
Vitaliy Mykolenko, UKR,DF,25-112,4,4,295.0,3.3,0.0,0.0,0.0,0.0,0.0,0.0,0.0,0.0,0.0,0.0,0.0,0.0,2.0,7.0,6.0,0.0,0.0,0.0,0.0,0.0,0.0,0.0,0.0,0.0,0.0,Matches,Everton
Jack Harrison, ENG,FW,27-303,4,4,293.0,3.3,0.0,0.0,0.0,0.0,0.0,0.0,0.0,0.0,0.8,0.8,0.9,1.7,9.0,8.0,22.0,0.0,0.0,0.0,0.0,0.0,0.24,0.27,0.51,0.24,0.51,Matches,Everton
Iliman Ndiaye, SEN,"FW,MF",24-196,4,2,224.0,2.5,0.0,0.0,0.0,0.0,0.0,0.0,1.0,0.0,0.3,0.3,0.0,0.3,12.0,5.0,8.0,0.0,0.0,0.0,0.0,0.0,0.12,0.0,0.12,0.12,0.12,Matches,Everton
Ashley Young, ENG,DF,39-071,2,2,155.0,1.7,0.0,0.0,0.0,0.0,0.0,0.0,1.0,1.0,0.0,0.0,0.1,0.1,1.0,12.0,2.0,0.0,0.0,0.0,0.0,0.0,0.0,0.03,0.03,0.0,0.03,Matches,Everton
Abdoulaye Doucouré, MLI,MF,31-261,3,2,126.0,1.4,0.0,0.0,0.0,0.0,0.0,0.0,0.0,0.0,0.2,0.2,0.0,0.2,3.0,0.0,7.0,0.0,0.0,0.0,0.0,0.0,0.15,0.0,0.15,0.15,0.15,Matches,Everton
Séamus Coleman, IRL,DF,35-343,1,1,90.0,1.0,0.0,0.0,0.0,0.0,0.0,0.0,0.0,0.0,0.6,0.6,0.0,0.6,0.0,6.0,2.0,0.0,0.0,0.0,0.0,0.0,0.57,0.0,0.57,0.57,0.57,Matches,Everton
Roman Dixon, ENG,DF,19-267,1,1,90.0,1.0,0.0,0.0,0.0,0.0,0.0,0.0,0.0,0.0,0.0,0.0,0.0,0.0,0.0,0.0,1.0,0.0,0.0,0.0,0.0,0.0,0.0,0.0,0.0,0.0,0.0,Matches,Everton
James Garner, ENG,"DF,MF",23-189,1,0,65.0,0.7,0.0,0.0,0.0,0.0,0.0,0.0,0.0,0.0,0.0,0.0,0.0,0.0,1.0,1.0,1.0,0.0,0.0,0.0,0.0,0.0,0.0,0.03,0.03,0.0,0.03,Matches,Everton
Beto, GNB,FW,26-231,4,0,47.0,0.5,0.0,0.0,0.0,0.0,0.0,0.0,0.0,0.0,0.0,0.0,0.0,0.0,1.0,1.0,1.0,0.0,0.0,0.0,0.0,0.0,0.0,0.0,0.0,0.0,0.0,Matches,Everton
Jesper Lindstrøm, DEN,"FW,MF",24-202,2,0,44.0,0.5,0.0,0.0,0.0,0.0,0.0,0.0,0.0,0.0,0.0,0.0,0.0,0.0,1.0,1.0,3.0,0.0,0.0,0.0,0.0,0.0,0.08,0.0,0.08,0.08,0.08,Matches,Everton
Orel Mangala, BEL,MF,26-184,1,0,27.0,0.3,0.0,0.0,0.0,0.0,0.0,0.0,0.0,0.0,0.1,0.1,0.0,0.1,3.0,2.0,0.0,0.0,0.0,0.0,0.0,0.0,0.28,0.0,0.28,0.28,0.28,Matches,Everton
Jake O'Brien, IRL,DF,23-126,1,0,27.0,0.3,0.0,0.0,0.0,0.0,0.0,0.0,1.0,0.0,0.0,0.0,0.0,0.0,0.0,1.0,0.0,0.0,0.0,0.0,0.0,0.0,0.0,0.0,0.0,0.0,0.0,Matches,Everton
Mason Holgate, ENG,"FW,DF",27-332,1,0,6.0,0.1,0.0,0.0,0.0,0.0,0.0,0.0,0.0,0.0,0.0,0.0,0.0,0.0,0.0,0.0,0.0,0.0,0.0,0.0,0.0,0.0,0.0,0.0,0.0,0.0,0.0,Matches,Everton
Harrison Armstrong, ENG,MF,17-243,1,0,1.0,0.0,0.0,0.0,0.0,0.0,0.0,0.0,0.0,0.0,0.0,0.0,0.0,0.0,0.0,0.0,0.0,0.0,0.0,0.0,0.0,0.0,0.0,0.0,0.0,0.0,0.0,Matches,Everton
Neal Maupay, FRA,"FW,MF",28-035,0,0,,,,,,,,,,,,,,,,,,,,,,,,,,,,Matches,Everton
Jenson Metcalfe, ENG,MF,20-012,0,0,,,,,,,,,,,,,,,,,,,,,,,,,,,,Matches,Everton
João Virgínia, POR,GK,24-344,0,0,,,,,,,,,,,,,,,,,,,,,,,,,,,,Matches,Everton
Calvin Bassey, NGA,DF,24-262,4,4,360.0,4.0,0.0,0.0,0.0,0.0,0.0,0.0,1.0,0.0,0.2,0.2,0.0,0.2,4.0,15.0,0.0,0.0,0.0,0.0,0.0,0.0,0.04,0.0,0.04,0.04,0.04,Matches,Fulham
Bernd Leno, GER,GK,32-198,4,4,360.0,4.0,0.0,0.0,0.0,0.0,0.0,0.0,0.0,0.0,0.0,0.0,0.0,0.0,0.0,0.0,0.0,0.0,0.0,0.0,0.0,0.0,0.0,0.0,0.0,0.0,0.0,Matches,Fulham
Antonee Robinson, USA,DF,27-041,4,4,360.0,4.0,0.0,2.0,2.0,0.0,0.0,0.0,1.0,0.0,0.0,0.0,0.4,0.4,5.0,9.0,18.0,0.0,0.5,0.5,0.0,0.5,0.0,0.11,0.11,0.0,0.11,Matches,Fulham
Kenny Tete, NED,DF,28-345,4,4,360.0,4.0,0.0,0.0,0.0,0.0,0.0,0.0,0.0,0.0,0.4,0.4,0.0,0.4,8.0,14.0,10.0,0.0,0.0,0.0,0.0,0.0,0.1,0.01,0.11,0.1,0.11,Matches,Fulham
Andreas Pereira, BRA,MF,28-261,4,4,345.0,3.8,0.0,0.0,0.0,0.0,0.0,0.0,1.0,0.0,0.3,0.3,0.9,1.2,2.0,22.0,14.0,0.0,0.0,0.0,0.0,0.0,0.07,0.24,0.31,0.07,0.31,Matches,Fulham
Alex Iwobi, NGA,FW,28-138,4,4,331.0,3.7,1.0,0.0,1.0,1.0,0.0,0.0,0.0,0.0,0.3,0.3,0.4,0.8,14.0,22.0,27.0,0.27,0.0,0.27,0.27,0.27,0.09,0.12,0.21,0.09,0.21,Matches,Fulham
Saša Lukić, SRB,MF,28-036,4,4,330.0,3.7,0.0,0.0,0.0,0.0,0.0,0.0,2.0,0.0,0.0,0.0,0.0,0.0,3.0,13.0,0.0,0.0,0.0,0.0,0.0,0.0,0.0,0.01,0.01,0.0,0.01,Matches,Fulham
Adama Traoré, ESP,FW,28-237,4,4,325.0,3.6,1.0,1.0,2.0,1.0,0.0,0.0,1.0,0.0,1.0,1.0,1.2,2.3,16.0,10.0,29.0,0.28,0.28,0.55,0.28,0.55,0.28,0.34,0.62,0.28,0.62,Matches,Fulham
Emile Smith Rowe, ENG,MF,24-052,4,4,274.0,3.0,1.0,1.0,2.0,1.0,0.0,0.0,0.0,0.0,0.9,0.9,0.3,1.2,6.0,13.0,19.0,0.33,0.33,0.66,0.33,0.66,0.3,0.1,0.4,0.3,0.4,Matches,Fulham
Issa Diop, FRA,DF,27-253,3,3,270.0,3.0,0.0,0.0,0.0,0.0,0.0,0.0,0.0,0.0,0.2,0.2,0.0,0.2,0.0,7.0,1.0,0.0,0.0,0.0,0.0,0.0,0.06,0.01,0.07,0.06,0.07,Matches,Fulham
Rodrigo Muniz, BRA,FW,23-137,4,3,252.0,2.8,0.0,0.0,0.0,0.0,0.0,0.0,0.0,0.0,1.0,1.0,0.2,1.3,0.0,7.0,11.0,0.0,0.0,0.0,0.0,0.0,0.37,0.08,0.45,0.37,0.45,Matches,Fulham
Raúl Jiménez, MEX,FW,33-136,4,1,108.0,1.2,1.0,0.0,1.0,1.0,0.0,0.0,0.0,0.0,0.3,0.3,0.2,0.5,3.0,2.0,4.0,0.83,0.0,0.83,0.83,0.83,0.26,0.14,0.39,0.26,0.39,Matches,Fulham
Joachim Andersen, DEN,DF,28-110,1,1,90.0,1.0,0.0,0.0,0.0,0.0,0.0,0.0,0.0,0.0,0.0,0.0,0.0,0.0,0.0,4.0,0.0,0.0,0.0,0.0,0.0,0.0,0.01,0.0,0.01,0.01,0.01,Matches,Fulham
Tom Cairney, SCO,MF,33-242,4,0,71.0,0.8,0.0,0.0,0.0,0.0,0.0,0.0,2.0,0.0,0.0,0.0,0.3,0.3,3.0,7.0,2.0,0.0,0.0,0.0,0.0,0.0,0.0,0.32,0.32,0.0,0.32,Matches,Fulham
Sander Berge, NOR,MF,26-217,2,0,44.0,0.5,0.0,0.0,0.0,0.0,0.0,0.0,0.0,0.0,0.0,0.0,0.1,0.1,0.0,2.0,0.0,0.0,0.0,0.0,0.0,0.0,0.0,0.2,0.2,0.0,0.2,Matches,Fulham
Harry Wilson, WAL,FW,27-180,3,0,39.0,0.4,0.0,0.0,0.0,0.0,0.0,0.0,1.0,0.0,0.0,0.0,0.0,0.0,2.0,1.0,6.0,0.0,0.0,0.0,0.0,0.0,0.0,0.0,0.0,0.0,0.0,Matches,Fulham
Reiss Nelson, ENG,FW,24-283,1,0,25.0,0.3,0.0,0.0,0.0,0.0,0.0,0.0,1.0,0.0,0.1,0.1,0.0,0.1,3.0,2.0,4.0,0.0,0.0,0.0,0.0,0.0,0.28,0.0,0.28,0.28,0.28,Matches,Fulham
Harrison Reed, ENG,MF,29-235,4,0,15.0,0.2,0.0,0.0,0.0,0.0,0.0,0.0,0.0,0.0,0.0,0.0,0.1,0.1,0.0,2.0,5.0,0.0,0.0,0.0,0.0,0.0,0.0,0.45,0.45,0.0,0.45,Matches,Fulham
Jay Stansfield, ENG,MF,21-299,1,0,1.0,0.0,0.0,0.0,0.0,0.0,0.0,0.0,0.0,0.0,0.0,0.0,0.0,0.0,0.0,0.0,0.0,0.0,0.0,0.0,0.0,0.0,0.0,0.0,0.0,0.0,0.0,Matches,Fulham
Steven Benda, GER,GK,25-353,0,0,,,,,,,,,,,,,,,,,,,,,,,,,,,,Matches,Fulham
Timothy Castagne, BEL,"DF,MF",28-288,0,0,,,,,,,,,,,,,,,,,,,,,,,,,,,,Matches,Fulham
Jorge Cuenca, ESP,DF,24-306,0,0,,,,,,,,,,,,,,,,,,,,,,,,,,,,Matches,Fulham
Joshua King, ENG,MF,17-259,0,0,,,,,,,,,,,,,,,,,,,,,,,,,,,,Matches,Fulham
Ryan Sessegnon, ENG,"DF,FW",24-123,0,0,,,,,,,,,,,,,,,,,,,,,,,,,,,,Matches,Fulham
Alisson, BRA,GK,31-352,4,4,360.0,4.0,0.0,0.0,0.0,0.0,0.0,0.0,0.0,0.0,0.0,0.0,0.0,0.0,0.0,0.0,0.0,0.0,0.0,0.0,0.0,0.0,0.0,0.0,0.0,0.0,0.0,Matches,Liverpool
Dominik Szoboszlai, HUN,MF,23-329,4,4,360.0,4.0,0.0,1.0,1.0,0.0,0.0,0.0,2.0,0.0,0.4,0.4,1.0,1.5,14.0,17.0,19.0,0.0,0.25,0.25,0.0,0.25,0.1,0.26,0.36,0.1,0.36,Matches,Liverpool
Virgil van Dijk, NED,DF,33-072,4,4,360.0,4.0,0.0,0.0,0.0,0.0,0.0,0.0,1.0,0.0,0.2,0.2,0.0,0.2,0.0,18.0,0.0,0.0,0.0,0.0,0.0,0.0,0.04,0.01,0.05,0.04,0.05,Matches,Liverpool
Ryan Gravenberch, NED,MF,22-125,4,4,359.0,4.0,0.0,0.0,0.0,0.0,0.0,0.0,2.0,0.0,0.0,0.0,0.1,0.1,10.0,28.0,10.0,0.0,0.0,0.0,0.0,0.0,0.01,0.03,0.04,0.01,0.04,Matches,Liverpool
Mohamed Salah, EGY,FW,32-095,4,4,352.0,3.9,3.0,3.0,6.0,3.0,0.0,0.0,0.0,0.0,2.0,2.0,1.5,3.4,20.0,18.0,50.0,0.77,0.77,1.53,0.77,1.53,0.5,0.38,0.88,0.5,0.88,Matches,Liverpool
Alexis Mac Allister, ARG,MF,25-269,4,4,329.0,3.7,0.0,0.0,0.0,0.0,0.0,0.0,0.0,0.0,0.2,0.2,0.5,0.7,1.0,21.0,6.0,0.0,0.0,0.0,0.0,0.0,0.04,0.14,0.18,0.04,0.18,Matches,Liverpool
Andrew Robertson, SCO,DF,30-191,4,4,324.0,3.6,0.0,0.0,0.0,0.0,0.0,0.0,1.0,0.0,0.3,0.3,0.5,0.8,6.0,19.0,8.0,0.0,0.0,0.0,0.0,0.0,0.1,0.14,0.24,0.1,0.24,Matches,Liverpool
Trent Alexander-Arnold, ENG,"DF,MF",25-347,4,4,312.0,3.5,0.0,0.0,0.0,0.0,0.0,0.0,1.0,0.0,0.2,0.2,1.4,1.6,10.0,25.0,19.0,0.0,0.0,0.0,0.0,0.0,0.05,0.41,0.46,0.05,0.46,Matches,Liverpool
Luis Díaz, COL,FW,27-249,4,4,286.0,3.2,3.0,1.0,4.0,3.0,0.0,0.0,0.0,0.0,1.9,1.9,1.0,2.9,15.0,7.0,27.0,0.94,0.31,1.26,0.94,1.26,0.6,0.31,0.91,0.6,0.91,Matches,Liverpool
Diogo Jota, POR,FW,27-289,4,4,283.0,3.1,1.0,1.0,2.0,1.0,0.0,0.0,0.0,0.0,1.9,1.9,0.7,2.6,8.0,5.0,19.0,0.32,0.32,0.64,0.32,0.64,0.61,0.22,0.82,0.61,0.82,Matches,Liverpool
Ibrahima Konaté, FRA,DF,25-116,4,3,299.0,3.3,0.0,0.0,0.0,0.0,0.0,0.0,0.0,0.0,0.2,0.2,0.0,0.3,2.0,17.0,0.0,0.0,0.0,0.0,0.0,0.0,0.07,0.01,0.08,0.07,0.08,Matches,Liverpool
Jarell Quansah, ENG,DF,21-233,1,1,45.0,0.5,0.0,0.0,0.0,0.0,0.0,0.0,0.0,0.0,0.0,0.0,0.0,0.0,0.0,0.0,0.0,0.0,0.0,0.0,0.0,0.0,0.0,0.0,0.0,0.0,0.0,Matches,Liverpool
Cody Gakpo, NED,FW,25-134,4,0,86.0,1.0,0.0,0.0,0.0,0.0,0.0,0.0,1.0,0.0,0.4,0.4,0.0,0.4,1.0,1.0,14.0,0.0,0.0,0.0,0.0,0.0,0.38,0.0,0.38,0.38,0.38,Matches,Liverpool
Conor Bradley, NIR,DF,21-071,4,0,79.0,0.9,0.0,0.0,0.0,0.0,0.0,0.0,0.0,0.0,0.2,0.2,0.0,0.2,6.0,5.0,5.0,0.0,0.0,0.0,0.0,0.0,0.26,0.0,0.26,0.26,0.26,Matches,Liverpool
Darwin Núñez, URU,FW,25-086,3,0,65.0,0.7,0.0,0.0,0.0,0.0,0.0,0.0,0.0,0.0,0.1,0.1,0.0,0.2,2.0,2.0,4.0,0.0,0.0,0.0,0.0,0.0,0.2,0.02,0.23,0.2,0.23,Matches,Liverpool
Kostas Tsimikas, GRE,DF,28-129,3,0,36.0,0.4,0.0,0.0,0.0,0.0,0.0,0.0,0.0,0.0,0.0,0.0,0.0,0.0,1.0,7.0,3.0,0.0,0.0,0.0,0.0,0.0,0.0,0.0,0.0,0.0,0.0,Matches,Liverpool
Curtis Jones, ENG,MF,23-232,1,0,16.0,0.2,0.0,0.0,0.0,0.0,0.0,0.0,0.0,0.0,0.0,0.0,0.0,0.0,0.0,1.0,0.0,0.0,0.0,0.0,0.0,0.0,0.0,0.0,0.0,0.0,0.0,Matches,Liverpool
Harvey Elliott, ENG,FW,21-167,1,0,8.0,0.1,0.0,0.0,0.0,0.0,0.0,0.0,0.0,0.0,0.0,0.0,0.0,0.0,1.0,0.0,3.0,0.0,0.0,0.0,0.0,0.0,0.0,0.0,0.0,0.0,0.0,Matches,Liverpool
Wataru Endo, JPN,MF,31-222,1,0,1.0,0.0,0.0,0.0,0.0,0.0,0.0,0.0,0.0,0.0,0.0,0.0,0.0,0.0,0.0,0.0,0.0,0.0,0.0,0.0,0.0,0.0,0.0,0.0,0.0,0.0,0.0,Matches,Liverpool
Joe Gomez, ENG,DF,27-118,0,0,,,,,,,,,,,,,,,,,,,,,,,,,,,,Matches,Liverpool
Caoimhín Kelleher, IRL,GK,25-300,0,0,,,,,,,,,,,,,,,,,,,,,,,,,,,,Matches,Liverpool
Manuel Akanji, SUI,DF,29-061,4,4,360.0,4.0,0.0,0.0,0.0,0.0,0.0,0.0,1.0,0.0,0.0,0.0,0.1,0.1,4.0,37.0,1.0,0.0,0.0,0.0,0.0,0.0,0.0,0.01,0.01,0.0,0.01,Matches,ManchesterCity
Ederson, BRA,GK,31-032,4,4,360.0,4.0,0.0,1.0,1.0,0.0,0.0,0.0,0.0,0.0,0.0,0.0,0.4,0.4,0.0,0.0,0.0,0.0,0.25,0.25,0.0,0.25,0.0,0.09,0.09,0.0,0.09,Matches,ManchesterCity
Erling Haaland, NOR,FW,24-059,4,4,359.0,4.0,9.0,0.0,9.0,8.0,1.0,1.0,1.0,0.0,4.8,4.0,0.1,4.1,5.0,3.0,17.0,2.26,0.0,2.26,2.01,2.01,1.21,0.02,1.23,1.01,1.04,Matches,ManchesterCity
Kevin De Bruyne, BEL,MF,33-082,4,4,356.0,4.0,1.0,1.0,2.0,1.0,0.0,0.0,1.0,0.0,1.2,1.2,1.7,2.9,10.0,47.0,32.0,0.25,0.25,0.51,0.25,0.51,0.31,0.43,0.74,0.31,0.74,Matches,ManchesterCity
Rico Lewis, ENG,"MF,DF",19-302,4,4,315.0,3.5,0.0,1.0,1.0,0.0,0.0,0.0,0.0,0.0,0.6,0.6,0.1,0.7,10.0,12.0,22.0,0.0,0.29,0.29,0.0,0.29,0.18,0.03,0.21,0.18,0.21,Matches,ManchesterCity
Mateo Kovačić, CRO,MF,30-135,4,4,274.0,3.0,1.0,0.0,1.0,1.0,0.0,0.0,1.0,0.0,0.1,0.1,0.0,0.2,5.0,19.0,2.0,0.33,0.0,0.33,0.33,0.33,0.04,0.02,0.06,0.04,0.06,Matches,ManchesterCity
Joško Gvardiol, CRO,DF,22-239,4,3,312.0,3.5,0.0,0.0,0.0,0.0,0.0,0.0,0.0,0.0,0.1,0.1,0.5,0.6,9.0,25.0,6.0,0.0,0.0,0.0,0.0,0.0,0.04,0.15,0.18,0.04,0.18,Matches,ManchesterCity
Rúben Dias, POR,DF,27-127,4,3,277.0,3.1,0.0,0.0,0.0,0.0,0.0,0.0,1.0,0.0,0.3,0.3,0.0,0.3,3.0,11.0,1.0,0.0,0.0,0.0,0.0,0.0,0.09,0.01,0.1,0.09,0.1,Matches,ManchesterCity
Bernardo Silva, POR,"MF,FW",30-039,4,3,277.0,3.1,0.0,2.0,2.0,0.0,0.0,0.0,0.0,0.0,0.5,0.5,1.2,1.7,5.0,18.0,21.0,0.0,0.65,0.65,0.0,0.65,0.17,0.39,0.56,0.17,0.56,Matches,ManchesterCity
Jeremy Doku, BEL,FW,22-114,3,3,227.0,2.5,0.0,0.0,0.0,0.0,0.0,0.0,0.0,0.0,0.2,0.2,1.0,1.2,31.0,9.0,40.0,0.0,0.0,0.0,0.0,0.0,0.07,0.41,0.48,0.07,0.48,Matches,ManchesterCity
Sávio, BRA,FW,20-161,3,3,204.0,2.3,0.0,1.0,1.0,0.0,0.0,0.0,1.0,0.0,0.7,0.7,0.9,1.6,21.0,9.0,31.0,0.0,0.44,0.44,0.0,0.44,0.33,0.38,0.71,0.33,0.71,Matches,ManchesterCity
Jack Grealish, ENG,FW,29-008,3,2,174.0,1.9,0.0,0.0,0.0,0.0,0.0,0.0,1.0,0.0,0.5,0.5,0.4,0.9,18.0,8.0,32.0,0.0,0.0,0.0,0.0,0.0,0.25,0.21,0.46,0.25,0.46,Matches,ManchesterCity
İlkay Gündoğan, GER,MF,33-330,3,1,133.0,1.5,0.0,0.0,0.0,0.0,0.0,0.0,0.0,0.0,0.1,0.1,0.5,0.6,5.0,8.0,8.0,0.0,0.0,0.0,0.0,0.0,0.06,0.37,0.43,0.06,0.43,Matches,ManchesterCity
John Stones, ENG,"DF,MF",30-113,2,1,124.0,1.4,0.0,0.0,0.0,0.0,0.0,0.0,1.0,0.0,0.0,0.0,0.0,0.0,1.0,2.0,0.0,0.0,0.0,0.0,0.0,0.0,0.0,0.0,0.0,0.0,0.0,Matches,ManchesterCity
Kyle Walker, ENG,DF,34-113,2,1,93.0,1.0,0.0,0.0,0.0,0.0,0.0,0.0,0.0,0.0,0.0,0.0,0.1,0.1,1.0,9.0,1.0,0.0,0.0,0.0,0.0,0.0,0.03,0.08,0.11,0.03,0.11,Matches,ManchesterCity
Phil Foden, ENG,FW,24-113,1,0,45.0,0.5,0.0,0.0,0.0,0.0,0.0,0.0,0.0,0.0,0.0,0.0,0.0,0.0,2.0,1.0,2.0,0.0,0.0,0.0,0.0,0.0,0.0,0.0,0.0,0.0,0.0,Matches,ManchesterCity
Rodri, ESP,MF,28-088,1,0,45.0,0.5,0.0,0.0,0.0,0.0,0.0,0.0,0.0,0.0,0.0,0.0,0.0,0.0,0.0,4.0,1.0,0.0,0.0,0.0,0.0,0.0,0.0,0.09,0.09,0.0,0.09,Matches,ManchesterCity
Matheus Nunes, POR,"FW,MF",26-022,3,0,21.0,0.2,0.0,1.0,1.0,0.0,0.0,0.0,0.0,0.0,0.0,0.0,0.5,0.5,2.0,1.0,6.0,0.0,4.29,4.29,0.0,4.29,0.0,2.34,2.34,0.0,2.34,Matches,ManchesterCity
Nathan Aké, NED,DF,29-213,1,0,3.0,0.0,0.0,0.0,0.0,0.0,0.0,0.0,0.0,0.0,0.0,0.0,0.0,0.0,0.0,1.0,0.0,0.0,0.0,0.0,0.0,0.0,0.0,0.0,0.0,0.0,0.0,Matches,ManchesterCity
James Mcatee, ENG,FW,21-336,1,0,1.0,0.0,0.0,0.0,0.0,0.0,0.0,0.0,0.0,0.0,0.0,0.0,0.0,0.0,0.0,0.0,0.0,0.0,0.0,0.0,0.0,0.0,0.0,0.0,0.0,0.0,0.0,Matches,ManchesterCity
Issa Kaboré, BFA,"DF,MF",23-129,0,0,,,,,,,,,,,,,,,,,,,,,,,,,,,,Matches,ManchesterCity
Stefan Ortega, GER,GK,31-317,0,0,,,,,,,,,,,,,,,,,,,,,,,,,,,,Matches,ManchesterCity
Nico O’Reilly, ENG,FW,19-181,0,0,,,,,,,,,,,,,,,,,,,,,,,,,,,,Matches,ManchesterCity
Diogo Dalot, POR,DF,25-184,4,4,360.0,4.0,0.0,1.0,1.0,0.0,0.0,0.0,0.0,0.0,0.0,0.0,0.6,0.6,3.0,17.0,17.0,0.0,0.25,0.25,0.0,0.25,0.01,0.16,0.16,0.01,0.16,Matches,ManchesterUnited
André Onana, CMR,GK,28-169,4,4,360.0,4.0,0.0,0.0,0.0,0.0,0.0,0.0,0.0,0.0,0.0,0.0,0.0,0.0,0.0,0.0,0.0,0.0,0.0,0.0,0.0,0.0,0.0,0.0,0.0,0.0,0.0,Matches,ManchesterUnited
Kobbie Mainoo, ENG,MF,19-152,4,4,353.0,3.9,0.0,0.0,0.0,0.0,0.0,0.0,3.0,0.0,0.1,0.1,0.4,0.5,2.0,13.0,4.0,0.0,0.0,0.0,0.0,0.0,0.02,0.1,0.12,0.02,0.12,Matches,ManchesterUnited
Bruno Fernandes, POR,"MF,FW",30-010,4,4,348.0,3.9,0.0,1.0,1.0,0.0,0.0,0.0,1.0,0.0,1.5,1.5,1.2,2.7,12.0,27.0,19.0,0.0,0.26,0.26,0.0,0.26,0.39,0.3,0.69,0.39,0.69,Matches,ManchesterUnited
Lisandro Martínez, ARG,DF,26-244,4,4,346.0,3.8,0.0,0.0,0.0,0.0,0.0,0.0,1.0,0.0,0.3,0.3,0.0,0.4,2.0,19.0,0.0,0.0,0.0,0.0,0.0,0.0,0.09,0.01,0.09,0.09,0.09,Matches,ManchesterUnited
Noussair Mazraoui, MAR,DF,26-309,4,4,333.0,3.7,0.0,1.0,1.0,0.0,0.0,0.0,0.0,0.0,0.2,0.2,0.1,0.4,4.0,18.0,6.0,0.0,0.27,0.27,0.0,0.27,0.05,0.04,0.09,0.05,0.09,Matches,ManchesterUnited
Marcus Rashford, ENG,FW,26-323,4,4,316.0,3.5,1.0,0.0,1.0,1.0,0.0,0.0,0.0,0.0,0.4,0.4,1.5,1.9,9.0,4.0,25.0,0.28,0.0,0.28,0.28,0.28,0.11,0.43,0.54,0.11,0.54,Matches,ManchesterUnited
Amad Diallo, CIV,FW,22-069,4,3,261.0,2.9,1.0,1.0,2.0,1.0,0.0,0.0,1.0,0.0,0.4,0.4,1.0,1.4,23.0,14.0,43.0,0.34,0.34,0.69,0.34,0.69,0.13,0.35,0.48,0.13,0.48,Matches,ManchesterUnited
Casemiro, BRA,MF,32-208,4,3,229.0,2.5,0.0,0.0,0.0,0.0,0.0,0.0,0.0,0.0,0.3,0.3,1.0,1.3,1.0,14.0,2.0,0.0,0.0,0.0,0.0,0.0,0.1,0.39,0.49,0.1,0.49,Matches,ManchesterUnited
Joshua Zirkzee, NED,FW,23-119,4,2,250.0,2.8,1.0,0.0,1.0,1.0,0.0,0.0,1.0,0.0,2.1,2.1,0.1,2.2,1.0,7.0,12.0,0.36,0.0,0.36,0.36,0.36,0.75,0.04,0.79,0.75,0.79,Matches,ManchesterUnited
Harry Maguire, ENG,DF,31-197,4,2,197.0,2.2,0.0,0.0,0.0,0.0,0.0,0.0,2.0,0.0,0.0,0.0,0.0,0.1,1.0,10.0,0.0,0.0,0.0,0.0,0.0,0.0,0.02,0.01,0.03,0.02,0.03,Matches,ManchesterUnited
Matthijs de Ligt, NED,DF,25-037,4,2,176.0,2.0,1.0,0.0,1.0,1.0,0.0,0.0,1.0,0.0,0.4,0.4,0.0,0.4,0.0,5.0,0.0,0.51,0.0,0.51,0.51,0.51,0.21,0.01,0.22,0.21,0.22,Matches,ManchesterUnited
Mason Mount, ENG,MF,25-252,2,2,105.0,1.2,0.0,0.0,0.0,0.0,0.0,0.0,1.0,0.0,0.4,0.4,0.1,0.5,0.0,3.0,4.0,0.0,0.0,0.0,0.0,0.0,0.33,0.06,0.39,0.33,0.39,Matches,ManchesterUnited
Alejandro Garnacho, ARG,FW,20-079,4,1,142.0,1.6,1.0,1.0,2.0,1.0,0.0,0.0,0.0,0.0,1.7,1.7,0.3,2.0,9.0,2.0,22.0,0.63,0.63,1.27,0.63,1.27,1.08,0.22,1.3,1.08,1.3,Matches,ManchesterUnited
Christian Eriksen, DEN,MF,32-217,2,1,77.0,0.9,0.0,0.0,0.0,0.0,0.0,0.0,1.0,0.0,0.0,0.0,0.8,0.8,2.0,6.0,2.0,0.0,0.0,0.0,0.0,0.0,0.0,0.93,0.93,0.0,0.93,Matches,ManchesterUnited
Toby Collyer, ENG,MF,20-259,1,0,45.0,0.5,0.0,0.0,0.0,0.0,0.0,0.0,0.0,0.0,0.0,0.0,0.1,0.1,0.0,2.0,2.0,0.0,0.0,0.0,0.0,0.0,0.0,0.15,0.15,0.0,0.15,Matches,ManchesterUnited
Jonny Evans, NIR,DF,36-259,2,0,24.0,0.3,0.0,0.0,0.0,0.0,0.0,0.0,0.0,0.0,0.0,0.0,0.0,0.0,0.0,2.0,0.0,0.0,0.0,0.0,0.0,0.0,0.0,0.0,0.0,0.0,0.0,Matches,ManchesterUnited
Scott McTominay, SCO,MF,27-285,2,0,19.0,0.2,0.0,0.0,0.0,0.0,0.0,0.0,0.0,0.0,0.1,0.1,0.0,0.1,0.0,1.0,2.0,0.0,0.0,0.0,0.0,0.0,0.33,0.0,0.33,0.33,0.33,Matches,ManchesterUnited
Manuel Ugarte Ribeiro, URU,MF,23-160,1,0,18.0,0.2,0.0,0.0,0.0,0.0,0.0,0.0,0.0,0.0,0.0,0.0,0.0,0.0,0.0,0.0,1.0,0.0,0.0,0.0,0.0,0.0,0.0,0.0,0.0,0.0,0.0,Matches,ManchesterUnited
Antony, BRA,FW,24-207,1,0,1.0,0.0,0.0,0.0,0.0,0.0,0.0,0.0,0.0,0.0,0.0,0.0,0.1,0.1,0.0,0.0,0.0,0.0,0.0,0.0,0.0,0.0,0.0,6.28,6.28,0.0,6.28,Matches,ManchesterUnited
Altay Bayındır, TUR,GK,26-157,0,0,,,,,,,,,,,,,,,,,,,,,,,,,,,,Matches,ManchesterUnited
Tom Heaton, ENG,GK,38-156,0,0,,,,,,,,,,,,,,,,,,,,,,,,,,,,Matches,ManchesterUnited
Ethan Wheatley, ENG,FW,18-242,0,0,,,,,,,,,,,,,,,,,,,,,,,,,,,,Matches,ManchesterUnited
Dan Burn, ENG,DF,32-132,4,4,360.0,4.0,0.0,0.0,0.0,0.0,0.0,0.0,3.0,0.0,0.3,0.3,0.0,0.3,0.0,4.0,1.0,0.0,0.0,0.0,0.0,0.0,0.08,0.0,0.08,0.08,0.08,Matches,NewcastleUnited
Nick Pope, ENG,GK,32-152,4,4,360.0,4.0,0.0,0.0,0.0,0.0,0.0,0.0,0.0,0.0,0.0,0.0,0.0,0.0,0.0,0.0,0.0,0.0,0.0,0.0,0.0,0.0,0.0,0.0,0.0,0.0,0.0,Matches,NewcastleUnited
Bruno Guimarães, BRA,MF,26-307,4,4,356.0,4.0,0.0,1.0,1.0,0.0,0.0,0.0,1.0,0.0,0.1,0.1,0.1,0.2,6.0,24.0,3.0,0.0,0.25,0.25,0.0,0.25,0.03,0.04,0.06,0.03,0.06,Matches,NewcastleUnited
Anthony Gordon, ENG,FW,23-207,4,4,336.0,3.7,1.0,0.0,1.0,1.0,0.0,0.0,0.0,0.0,0.7,0.7,0.8,1.5,12.0,3.0,28.0,0.27,0.0,0.27,0.27,0.27,0.18,0.23,0.41,0.18,0.41,Matches,NewcastleUnited
Alexander Isak, SWE,FW,24-363,4,4,315.0,3.5,1.0,1.0,2.0,1.0,0.0,0.0,0.0,0.0,1.4,1.4,0.4,1.8,8.0,3.0,21.0,0.29,0.29,0.57,0.29,0.57,0.4,0.13,0.53,0.4,0.53,Matches,NewcastleUnited
Joelinton, BRA,MF,28-035,4,4,315.0,3.5,1.0,0.0,1.0,1.0,0.0,0.0,3.0,0.0,0.5,0.5,0.0,0.6,3.0,14.0,9.0,0.29,0.0,0.29,0.29,0.29,0.15,0.01,0.16,0.15,0.16,Matches,NewcastleUnited
Valentino Livramento, ENG,DF,21-311,4,4,300.0,3.3,0.0,0.0,0.0,0.0,0.0,0.0,0.0,0.0,0.0,0.0,0.1,0.1,2.0,1.0,4.0,0.0,0.0,0.0,0.0,0.0,0.0,0.03,0.03,0.0,0.03,Matches,NewcastleUnited
Sean Longstaff, ENG,MF,26-324,4,4,271.0,3.0,0.0,0.0,0.0,0.0,0.0,0.0,1.0,0.0,0.0,0.0,0.0,0.0,1.0,9.0,5.0,0.0,0.0,0.0,0.0,0.0,0.0,0.01,0.01,0.0,0.01,Matches,NewcastleUnited
Jacob Murphy, ENG,FW,29-207,4,3,206.0,2.3,0.0,1.0,1.0,0.0,0.0,0.0,1.0,0.0,0.2,0.2,1.0,1.2,6.0,14.0,10.0,0.0,0.44,0.44,0.0,0.44,0.09,0.42,0.51,0.09,0.51,Matches,NewcastleUnited
Emil Krafth, SWE,DF,30-047,3,2,241.0,2.7,0.0,0.0,0.0,0.0,0.0,0.0,0.0,0.0,0.0,0.0,0.1,0.1,0.0,1.0,0.0,0.0,0.0,0.0,0.0,0.0,0.01,0.03,0.05,0.01,0.05,Matches,NewcastleUnited
Lewis Hall, ENG,DF,20-010,4,2,204.0,2.3,0.0,0.0,0.0,0.0,0.0,0.0,1.0,0.0,0.0,0.0,0.3,0.3,7.0,18.0,3.0,0.0,0.0,0.0,0.0,0.0,0.0,0.13,0.13,0.0,0.13,Matches,NewcastleUnited
Lloyd Kelly, ENG,DF,25-348,4,2,160.0,1.8,0.0,1.0,1.0,0.0,0.0,0.0,1.0,0.0,0.2,0.2,0.5,0.6,0.0,4.0,1.0,0.0,0.56,0.56,0.0,0.56,0.1,0.26,0.36,0.1,0.36,Matches,NewcastleUnited
Fabian Schär, SUI,DF,32-273,2,2,117.0,1.3,1.0,0.0,1.0,1.0,0.0,0.0,0.0,1.0,0.1,0.1,0.0,0.1,0.0,3.0,3.0,0.77,0.0,0.77,0.77,0.77,0.08,0.0,0.08,0.08,0.08,Matches,NewcastleUnited
Harvey Barnes, ENG,FW,26-284,4,1,159.0,1.8,2.0,1.0,3.0,2.0,0.0,0.0,0.0,0.0,1.2,1.2,1.2,2.3,9.0,7.0,18.0,1.13,0.57,1.7,1.13,1.7,0.66,0.67,1.33,0.66,1.33,Matches,NewcastleUnited
Sandro Tonali, ITA,MF,24-133,2,0,68.0,0.8,0.0,0.0,0.0,0.0,0.0,0.0,0.0,0.0,0.4,0.4,0.0,0.4,0.0,5.0,2.0,0.0,0.0,0.0,0.0,0.0,0.56,0.0,0.56,0.56,0.56,Matches,NewcastleUnited
Joe Willock, ENG,MF,25-029,2,0,66.0,0.7,0.0,1.0,1.0,0.0,0.0,0.0,0.0,0.0,0.2,0.2,0.6,0.8,7.0,4.0,9.0,0.0,1.36,1.36,0.0,1.36,0.23,0.82,1.05,0.23,1.05,Matches,NewcastleUnited
Kieran Trippier, ENG,"DF,MF",33-365,2,0,60.0,0.7,0.0,0.0,0.0,0.0,0.0,0.0,0.0,0.0,0.0,0.0,0.0,0.0,1.0,4.0,3.0,0.0,0.0,0.0,0.0,0.0,0.0,0.0,0.0,0.0,0.0,Matches,NewcastleUnited
Miguel Almirón, PAR,FW,30-221,2,0,3.0,0.0,0.0,0.0,0.0,0.0,0.0,0.0,0.0,0.0,0.0,0.0,0.0,0.0,0.0,2.0,0.0,0.0,0.0,0.0,0.0,0.0,0.0,0.0,0.0,0.0,0.0,Matches,NewcastleUnited
Martin Dúbravka, SVK,GK,35-247,0,0,,,,,,,,,,,,,,,,,,,,,,,,,,,,Matches,NewcastleUnited
Alex Murphy, IRL,DF,20-085,0,0,,,,,,,,,,,,,,,,,,,,,,,,,,,,Matches,NewcastleUnited
William Osula, DEN,FW,21-045,0,0,,,,,,,,,,,,,,,,,,,,,,,,,,,,Matches,NewcastleUnited
John Ruddy, ENG,GK,37-330,0,0,,,,,,,,,,,,,,,,,,,,,,,,,,,,Matches,NewcastleUnited
Matt Targett, ENG,"DF,MF",29-000,0,0,,,,,,,,,,,,,,,,,,,,,,,,,,,,Matches,NewcastleUnited
Murillo, BRA,DF,22-076,4,4,360.0,4.0,0.0,0.0,0.0,0.0,0.0,0.0,0.0,0.0,0.0,0.0,0.1,0.1,2.0,8.0,0.0,0.0,0.0,0.0,0.0,0.0,0.0,0.03,0.03,0.0,0.03,Matches,NottinghamForest
Matz Sels, BEL,GK,32-205,4,4,360.0,4.0,0.0,0.0,0.0,0.0,0.0,0.0,1.0,0.0,0.0,0.0,0.0,0.0,0.0,0.0,0.0,0.0,0.0,0.0,0.0,0.0,0.0,0.0,0.0,0.0,0.0,Matches,NottinghamForest
Morgan Gibbs-White, ENG,MF,24-235,4,4,349.0,3.9,1.0,0.0,1.0,1.0,0.0,0.0,1.0,0.0,0.7,0.7,0.8,1.5,9.0,24.0,19.0,0.26,0.0,0.26,0.26,0.26,0.17,0.21,0.39,0.17,0.39,Matches,NottinghamForest
Ola Aina, NGA,DF,27-346,4,4,323.0,3.6,0.0,0.0,0.0,0.0,0.0,0.0,0.0,0.0,0.0,0.0,0.1,0.2,11.0,21.0,7.0,0.0,0.0,0.0,0.0,0.0,0.01,0.04,0.05,0.01,0.05,Matches,NottinghamForest
Chris Wood, NZL,FW,32-286,4,4,316.0,3.5,2.0,0.0,2.0,2.0,0.0,0.0,1.0,0.0,1.5,1.5,0.7,2.3,4.0,6.0,12.0,0.57,0.0,0.57,0.57,0.57,0.44,0.21,0.65,0.44,0.65,Matches,NottinghamForest
Neco Williams, WAL,DF,23-158,4,3,281.0,3.1,0.0,0.0,0.0,0.0,0.0,0.0,1.0,0.0,0.4,0.4,0.2,0.7,7.0,5.0,10.0,0.0,0.0,0.0,0.0,0.0,0.14,0.07,0.21,0.14,0.21,Matches,NottinghamForest
Callum Hudson-Odoi, ENG,FW,23-316,4,3,276.0,3.1,1.0,0.0,1.0,1.0,0.0,0.0,0.0,0.0,0.3,0.3,0.5,0.8,18.0,11.0,28.0,0.33,0.0,0.33,0.33,0.33,0.1,0.16,0.26,0.1,0.26,Matches,NottinghamForest
Nikola Milenković, SRB,DF,26-342,3,3,270.0,3.0,0.0,0.0,0.0,0.0,0.0,0.0,0.0,0.0,1.0,1.0,0.0,1.0,0.0,4.0,0.0,0.0,0.0,0.0,0.0,0.0,0.32,0.02,0.34,0.32,0.34,Matches,NottinghamForest
Anthony Elanga, SWE,FW,22-144,4,3,262.0,2.9,0.0,1.0,1.0,0.0,0.0,0.0,1.0,0.0,0.5,0.5,0.6,1.0,9.0,7.0,15.0,0.0,0.34,0.34,0.0,0.34,0.17,0.19,0.36,0.17,0.36,Matches,NottinghamForest
Elliot Anderson, ENG,"MF,FW",21-317,4,3,242.0,2.7,0.0,1.0,1.0,0.0,0.0,0.0,1.0,0.0,0.1,0.1,0.1,0.2,5.0,9.0,16.0,0.0,0.37,0.37,0.0,0.37,0.04,0.05,0.09,0.04,0.09,Matches,NottinghamForest
Ibrahim Sangaré, CIV,MF,26-291,3,3,212.0,2.4,0.0,0.0,0.0,0.0,0.0,0.0,2.0,0.0,0.0,0.0,0.0,0.0,0.0,8.0,2.0,0.0,0.0,0.0,0.0,0.0,0.01,0.01,0.01,0.01,0.01,Matches,NottinghamForest
Ryan Yates, ENG,MF,26-302,4,1,224.0,2.5,0.0,0.0,0.0,0.0,0.0,0.0,1.0,0.0,0.3,0.3,0.2,0.5,5.0,8.0,0.0,0.0,0.0,0.0,0.0,0.0,0.11,0.09,0.2,0.11,0.2,Matches,NottinghamForest
Nicolás Domínguez, ARG,"FW,MF",26-082,3,1,106.0,1.2,0.0,0.0,0.0,0.0,0.0,0.0,1.0,0.0,0.1,0.1,0.0,0.1,1.0,4.0,4.0,0.0,0.0,0.0,0.0,0.0,0.1,0.01,0.11,0.1,0.11,Matches,NottinghamForest
Willy Boly, CIV,DF,33-228,2,1,91.0,1.0,0.0,0.0,0.0,0.0,0.0,0.0,0.0,0.0,0.1,0.1,0.0,0.1,0.0,2.0,0.0,0.0,0.0,0.0,0.0,0.0,0.07,0.0,0.07,0.07,0.07,Matches,NottinghamForest
James Ward-Prowse, ENG,MF,29-322,1,1,90.0,1.0,0.0,0.0,0.0,0.0,0.0,0.0,0.0,0.0,0.0,0.0,0.0,0.0,0.0,3.0,0.0,0.0,0.0,0.0,0.0,0.0,0.0,0.0,0.0,0.0,0.0,Matches,NottinghamForest
Álex Moreno, ESP,DF,31-102,1,1,79.0,0.9,0.0,0.0,0.0,0.0,0.0,0.0,1.0,0.0,0.0,0.0,0.0,0.0,2.0,1.0,2.0,0.0,0.0,0.0,0.0,0.0,0.0,0.0,0.0,0.0,0.0,Matches,NottinghamForest
Danilo, BRA,MF,23-142,1,1,14.0,0.2,0.0,0.0,0.0,0.0,0.0,0.0,0.0,0.0,0.0,0.0,0.0,0.0,0.0,0.0,0.0,0.0,0.0,0.0,0.0,0.0,0.0,0.0,0.0,0.0,0.0,Matches,NottinghamForest
Harry Toffolo, ENG,DF,29-030,1,0,37.0,0.4,0.0,0.0,0.0,0.0,0.0,0.0,0.0,0.0,0.0,0.0,0.0,0.0,0.0,1.0,4.0,0.0,0.0,0.0,0.0,0.0,0.04,0.0,0.04,0.04,0.04,Matches,NottinghamForest
Taiwo Awoniyi, NGA,"FW,MF",27-037,3,0,35.0,0.4,0.0,0.0,0.0,0.0,0.0,0.0,0.0,0.0,0.1,0.1,0.0,0.1,1.0,1.0,1.0,0.0,0.0,0.0,0.0,0.0,0.29,0.0,0.29,0.29,0.29,Matches,NottinghamForest
Jota Silva, POR,"MF,FW",25-048,3,0,12.0,0.1,0.0,0.0,0.0,0.0,0.0,0.0,0.0,0.0,0.0,0.0,0.2,0.2,0.0,2.0,0.0,0.0,0.0,0.0,0.0,0.0,0.0,1.47,1.47,0.0,1.47,Matches,NottinghamForest
Ramón Sosa, PAR,FW,25-018,1,0,11.0,0.1,0.0,0.0,0.0,0.0,0.0,0.0,0.0,0.0,0.1,0.1,0.2,0.3,2.0,0.0,3.0,0.0,0.0,0.0,0.0,0.0,0.72,1.52,2.24,0.72,2.24,Matches,NottinghamForest
Morato, BRA,DF,23-080,1,0,10.0,0.1,0.0,0.0,0.0,0.0,0.0,0.0,0.0,0.0,0.0,0.0,0.0,0.0,0.0,0.0,0.0,0.0,0.0,0.0,0.0,0.0,0.0,0.0,0.0,0.0,0.0,Matches,NottinghamForest
Carlos Miguel, BRA,GK,25-345,0,0,,,,,,,,,,,,,,,,,,,,,,,,,,,,Matches,NottinghamForest
Andrew Omobamidele, IRL,DF,22-087,0,0,,,,,,,,,,,,,,,,,,,,,,,,,,,,Matches,NottinghamForest
Eric da Silva Moreira, GER,DF,18-138,0,0,,,,,,,,,,,,,,,,,,,,,,,,,,,,Matches,NottinghamForest
Flynn Downes, ENG,MF,25-242,4,4,360.0,4.0,0.0,0.0,0.0,0.0,0.0,0.0,1.0,0.0,0.2,0.2,0.4,0.6,9.0,22.0,9.0,0.0,0.0,0.0,0.0,0.0,0.05,0.09,0.14,0.05,0.14,Matches,Southampton
Jan Bednarek, POL,DF,28-159,4,4,350.0,3.9,0.0,0.0,0.0,0.0,0.0,0.0,1.0,0.0,0.0,0.0,0.1,0.1,1.0,12.0,1.0,0.0,0.0,0.0,0.0,0.0,0.0,0.02,0.02,0.0,0.02,Matches,Southampton
Kyle Walker-Peters, ENG,DF,27-158,4,4,350.0,3.9,0.0,0.0,0.0,0.0,0.0,0.0,0.0,0.0,0.2,0.2,0.0,0.2,21.0,25.0,14.0,0.0,0.0,0.0,0.0,0.0,0.05,0.0,0.06,0.05,0.06,Matches,Southampton
Jack Stephens, ENG,DF,30-235,4,4,348.0,3.9,0.0,0.0,0.0,0.0,0.0,0.0,1.0,1.0,0.2,0.2,0.0,0.3,6.0,23.0,0.0,0.0,0.0,0.0,0.0,0.0,0.06,0.01,0.07,0.06,0.07,Matches,Southampton
Ben Brereton, CHI,FW,25-153,4,4,312.0,3.5,0.0,0.0,0.0,0.0,0.0,0.0,1.0,0.0,0.5,0.5,0.1,0.6,9.0,6.0,28.0,0.0,0.0,0.0,0.0,0.0,0.14,0.03,0.17,0.14,0.17,Matches,Southampton
Yukinari Sugawara, JPN,DF,24-082,4,4,295.0,3.3,1.0,0.0,1.0,1.0,0.0,0.0,0.0,0.0,0.3,0.3,1.0,1.2,7.0,17.0,16.0,0.31,0.0,0.31,0.31,0.31,0.08,0.29,0.37,0.08,0.37,Matches,Southampton
Taylor Harwood-Bellis, ENG,DF,22-232,4,3,230.0,2.6,0.0,0.0,0.0,0.0,0.0,0.0,2.0,0.0,0.0,0.0,0.1,0.1,3.0,14.0,1.0,0.0,0.0,0.0,0.0,0.0,0.0,0.02,0.02,0.0,0.02,Matches,Southampton
Joe Aribo, NGA,MF,28-059,3,3,225.0,2.5,0.0,0.0,0.0,0.0,0.0,0.0,0.0,0.0,0.5,0.5,0.7,1.2,12.0,11.0,14.0,0.0,0.0,0.0,0.0,0.0,0.21,0.26,0.48,0.21,0.48,Matches,Southampton
William Smallbone, IRL,MF,24-210,3,3,218.0,2.4,0.0,0.0,0.0,0.0,0.0,0.0,0.0,0.0,0.3,0.3,0.3,0.6,2.0,8.0,12.0,0.0,0.0,0.0,0.0,0.0,0.13,0.12,0.25,0.13,0.25,Matches,Southampton
Adam Armstrong, ENG,FW,27-221,3,3,205.0,2.3,0.0,0.0,0.0,0.0,0.0,0.0,1.0,0.0,0.8,0.8,0.1,0.9,5.0,5.0,14.0,0.0,0.0,0.0,0.0,0.0,0.34,0.05,0.39,0.34,0.39,Matches,Southampton
Alex McCarthy, ENG,GK,34-290,2,2,180.0,2.0,0.0,0.0,0.0,0.0,0.0,0.0,0.0,0.0,0.0,0.0,0.0,0.0,0.0,0.0,0.0,0.0,0.0,0.0,0.0,0.0,0.0,0.0,0.0,0.0,0.0,Matches,Southampton
Aaron Ramsdale, ENG,GK,26-127,2,2,180.0,2.0,0.0,0.0,0.0,0.0,0.0,0.0,0.0,0.0,0.0,0.0,0.0,0.0,0.0,0.0,0.0,0.0,0.0,0.0,0.0,0.0,0.0,0.0,0.0,0.0,0.0,Matches,Southampton
Cameron Archer, ENG,FW,23-059,4,1,147.0,1.6,0.0,0.0,0.0,0.0,0.0,1.0,0.0,0.0,1.0,0.2,0.0,0.2,2.0,2.0,7.0,0.0,0.0,0.0,0.0,0.0,0.63,0.0,0.63,0.14,0.14,Matches,Southampton
Mateus Fernandes, POR,MF,20-070,3,1,140.0,1.6,0.0,0.0,0.0,0.0,0.0,0.0,0.0,0.0,0.2,0.2,0.0,0.2,4.0,9.0,13.0,0.0,0.0,0.0,0.0,0.0,0.11,0.0,0.11,0.11,0.11,Matches,Southampton
Tyler Dibling, ENG,"FW,MF",18-190,4,1,125.0,1.4,0.0,0.0,0.0,0.0,0.0,0.0,0.0,0.0,0.1,0.1,0.2,0.3,11.0,6.0,14.0,0.0,0.0,0.0,0.0,0.0,0.06,0.15,0.21,0.06,0.21,Matches,Southampton
Lesley Ugochukwu, FRA,MF,20-176,1,1,63.0,0.7,0.0,0.0,0.0,0.0,0.0,0.0,0.0,0.0,0.2,0.2,0.0,0.2,1.0,1.0,0.0,0.0,0.0,0.0,0.0,0.0,0.3,0.04,0.34,0.3,0.34,Matches,Southampton
Samuel Edozie, ENG,"DF,FW",21-234,2,0,65.0,0.7,0.0,0.0,0.0,0.0,0.0,0.0,1.0,0.0,0.0,0.0,0.1,0.1,6.0,4.0,23.0,0.0,0.0,0.0,0.0,0.0,0.0,0.14,0.14,0.0,0.14,Matches,Southampton
Adam Lallana, ENG,MF,36-131,2,0,37.0,0.4,0.0,1.0,1.0,0.0,0.0,0.0,0.0,0.0,0.1,0.1,0.1,0.2,1.0,3.0,1.0,0.0,2.43,2.43,0.0,2.43,0.17,0.2,0.37,0.17,0.37,Matches,Southampton
Ross Stewart, SCO,FW,28-069,1,0,29.0,0.3,0.0,0.0,0.0,0.0,0.0,0.0,0.0,0.0,0.0,0.0,0.0,0.0,0.0,0.0,0.0,0.0,0.0,0.0,0.0,0.0,0.0,0.0,0.0,0.0,0.0,Matches,Southampton
Maxwel Cornet, CIV,FW,27-357,1,0,27.0,0.3,0.0,0.0,0.0,0.0,0.0,0.0,1.0,0.0,0.0,0.0,0.0,0.0,1.0,0.0,2.0,0.0,0.0,0.0,0.0,0.0,0.0,0.0,0.0,0.0,0.0,Matches,Southampton
Ryan Fraser, SCO,FW,30-207,1,0,27.0,0.3,0.0,0.0,0.0,0.0,0.0,0.0,0.0,0.0,0.0,0.0,0.0,0.0,1.0,0.0,1.0,0.0,0.0,0.0,0.0,0.0,0.0,0.0,0.0,0.0,0.0,Matches,Southampton
Charlie Taylor, ENG,"DF,MF",31-000,1,0,15.0,0.2,0.0,0.0,0.0,0.0,0.0,0.0,0.0,0.0,0.0,0.0,0.0,0.0,1.0,2.0,2.0,0.0,0.0,0.0,0.0,0.0,0.0,0.0,0.0,0.0,0.0,Matches,Southampton
Carlos Alcaraz, ARG,MF,21-293,1,0,10.0,0.1,0.0,0.0,0.0,0.0,0.0,0.0,0.0,0.0,0.1,0.1,0.1,0.2,4.0,6.0,1.0,0.0,0.0,0.0,0.0,0.0,0.62,0.86,1.48,0.62,1.48,Matches,Southampton
Samuel Amo-Ameyaw, ENG,DF,18-062,1,0,10.0,0.1,0.0,0.0,0.0,0.0,0.0,0.0,0.0,0.0,0.0,0.0,0.1,0.1,0.0,0.0,2.0,0.0,0.0,0.0,0.0,0.0,0.18,0.62,0.8,0.18,0.8,Matches,Southampton
James Bree, ENG,"DF,MF",26-343,0,0,,,,,,,,,,,,,,,,,,,,,,,,,,,,Matches,Southampton
Joe Lumley, ENG,GK,29-216,0,0,,,,,,,,,,,,,,,,,,,,,,,,,,,,Matches,Southampton
Nathan Wood-Gordon, ENG,DF,22-110,0,0,,,,,,,,,,,,,,,,,,,,,,,,,,,,Matches,Southampton
Wout Faes, BEL,DF,26-168,4,4,360.0,4.0,1.0,0.0,1.0,1.0,0.0,0.0,1.0,0.0,0.3,0.3,0.0,0.3,0.0,7.0,0.0,0.25,0.0,0.25,0.25,0.25,0.08,0.0,0.08,0.08,0.08,Matches,LeicesterCity
Mads Hermansen, DEN,GK,24-069,4,4,360.0,4.0,0.0,0.0,0.0,0.0,0.0,0.0,0.0,0.0,0.0,0.0,0.0,0.0,0.0,0.0,0.0,0.0,0.0,0.0,0.0,0.0,0.0,0.0,0.0,0.0,0.0,Matches,LeicesterCity
James Justin, ENG,DF,26-208,4,4,360.0,4.0,0.0,0.0,0.0,0.0,0.0,0.0,0.0,0.0,0.2,0.2,0.0,0.2,3.0,5.0,1.0,0.0,0.0,0.0,0.0,0.0,0.05,0.0,0.05,0.05,0.05,Matches,LeicesterCity
Harry Winks, ENG,MF,28-229,4,4,360.0,4.0,0.0,0.0,0.0,0.0,0.0,0.0,1.0,0.0,0.0,0.0,0.1,0.1,1.0,15.0,2.0,0.0,0.0,0.0,0.0,0.0,0.0,0.03,0.03,0.0,0.03,Matches,LeicesterCity
Victor Bernth Kristiansen, DEN,"DF,MF",21-277,4,4,354.0,3.9,0.0,0.0,0.0,0.0,0.0,0.0,1.0,0.0,0.0,0.0,0.1,0.1,7.0,6.0,13.0,0.0,0.0,0.0,0.0,0.0,0.0,0.04,0.04,0.0,0.04,Matches,LeicesterCity
Wilfred Ndidi, NGA,MF,27-277,4,4,343.0,3.8,0.0,3.0,3.0,0.0,0.0,0.0,1.0,0.0,0.2,0.2,1.2,1.4,2.0,12.0,14.0,0.0,0.79,0.79,0.0,0.79,0.04,0.32,0.36,0.04,0.36,Matches,LeicesterCity
Jamie Vardy, ENG,FW,37-251,4,4,328.0,3.6,2.0,0.0,2.0,2.0,0.0,0.0,1.0,0.0,1.4,1.4,0.1,1.6,2.0,6.0,16.0,0.55,0.0,0.55,0.55,0.55,0.39,0.04,0.44,0.39,0.44,Matches,LeicesterCity
Abdul Fatawu Issahaku, GHA,"FW,MF",20-194,4,3,266.0,3.0,0.0,1.0,1.0,0.0,0.0,0.0,0.0,0.0,0.1,0.1,0.5,0.6,9.0,8.0,16.0,0.0,0.34,0.34,0.0,0.34,0.04,0.16,0.2,0.04,0.2,Matches,LeicesterCity
Jannik Vestergaard, DEN,DF,32-046,2,2,180.0,2.0,0.0,0.0,0.0,0.0,0.0,0.0,1.0,0.0,0.0,0.0,0.0,0.0,0.0,3.0,0.0,0.0,0.0,0.0,0.0,0.0,0.0,0.0,0.0,0.0,0.0,Matches,LeicesterCity
Caleb Okoli, ITA,DF,23-067,2,2,179.0,2.0,0.0,0.0,0.0,0.0,0.0,0.0,1.0,0.0,0.1,0.1,0.0,0.1,1.0,4.0,0.0,0.0,0.0,0.0,0.0,0.0,0.03,0.0,0.03,0.03,0.03,Matches,LeicesterCity
Jordan Ayew, GHA,FW,33-007,3,2,177.0,2.0,0.0,0.0,0.0,0.0,0.0,0.0,1.0,0.0,0.2,0.2,0.1,0.3,3.0,5.0,6.0,0.0,0.0,0.0,0.0,0.0,0.12,0.03,0.14,0.12,0.14,Matches,LeicesterCity
Oliver Skipp, ENG,"MF,FW",24-002,3,2,177.0,2.0,0.0,0.0,0.0,0.0,0.0,0.0,1.0,0.0,0.0,0.0,0.1,0.1,4.0,9.0,3.0,0.0,0.0,0.0,0.0,0.0,0.02,0.03,0.06,0.02,0.06,Matches,LeicesterCity
Facundo Buonanotte, ARG,"MF,FW",19-270,3,2,171.0,1.9,1.0,1.0,2.0,1.0,0.0,0.0,0.0,0.0,0.2,0.2,0.6,0.8,3.0,6.0,5.0,0.53,0.53,1.05,0.53,1.05,0.09,0.32,0.41,0.09,0.41,Matches,LeicesterCity
Bobby Reid, JAM,FW,31-229,3,2,149.0,1.7,0.0,0.0,0.0,0.0,0.0,0.0,0.0,0.0,0.1,0.1,0.0,0.1,2.0,2.0,6.0,0.0,0.0,0.0,0.0,0.0,0.05,0.0,0.05,0.05,0.05,Matches,LeicesterCity
Stephy Mavididi, ENG,"FW,MF",26-110,4,1,126.0,1.4,1.0,0.0,1.0,1.0,0.0,0.0,0.0,0.0,0.4,0.4,0.0,0.5,5.0,3.0,7.0,0.71,0.0,0.71,0.71,0.71,0.29,0.03,0.32,0.29,0.32,Matches,LeicesterCity
Bilal El Khannouss, MAR,MF,20-131,1,0,23.0,0.3,0.0,0.0,0.0,0.0,0.0,0.0,0.0,0.0,0.0,0.0,0.0,0.0,0.0,1.0,0.0,0.0,0.0,0.0,0.0,0.0,0.13,0.0,0.13,0.13,0.13,Matches,LeicesterCity
Hamza Choudhury, ENG,MF,26-353,1,0,15.0,0.2,0.0,0.0,0.0,0.0,0.0,0.0,0.0,0.0,0.0,0.0,0.0,0.0,0.0,0.0,0.0,0.0,0.0,0.0,0.0,0.0,0.0,0.0,0.0,0.0,0.0,Matches,LeicesterCity
Kasey McAteer, IRL,"FW,MF",22-301,3,0,12.0,0.1,0.0,0.0,0.0,0.0,0.0,0.0,0.0,0.0,0.0,0.0,0.0,0.0,0.0,0.0,2.0,0.0,0.0,0.0,0.0,0.0,0.17,0.0,0.17,0.17,0.17,Matches,LeicesterCity
Boubakary Soumaré, FRA,MF,25-204,1,0,12.0,0.1,0.0,0.0,0.0,0.0,0.0,0.0,0.0,0.0,0.0,0.0,0.0,0.0,0.0,0.0,0.0,0.0,0.0,0.0,0.0,0.0,0.0,0.0,0.0,0.0,0.0,Matches,LeicesterCity
Conor Coady, ENG,DF,31-206,1,0,8.0,0.1,0.0,0.0,0.0,0.0,0.0,0.0,1.0,0.0,0.0,0.0,0.0,0.0,0.0,0.0,0.0,0.0,0.0,0.0,0.0,0.0,0.0,0.0,0.0,0.0,0.0,Matches,LeicesterCity
Thomas Cannon, IRL,FW,21-265,0,0,,,,,,,,,,,,,,,,,,,,,,,,,,,,Matches,LeicesterCity
Daniel Iversen, DEN,GK,27-061,0,0,,,,,,,,,,,,,,,,,,,,,,,,,,,,Matches,LeicesterCity
Benjamin Nelson, ENG,DF,20-184,0,0,,,,,,,,,,,,,,,,,,,,,,,,,,,,Matches,LeicesterCity
Ricardo Pereira, POR,"DF,FW",30-348,0,0,,,,,,,,,,,,,,,,,,,,,,,,,,,,Matches,LeicesterCity
Danny Ward, WAL,GK,31-088,0,0,,,,,,,,,,,,,,,,,,,,,,,,,,,,Matches,LeicesterCity
Leif Davis, ENG,DF,24-250,4,4,360.0,4.0,0.0,1.0,1.0,0.0,0.0,0.0,0.0,0.0,0.1,0.1,0.2,0.3,8.0,8.0,11.0,0.0,0.25,0.25,0.0,0.25,0.02,0.06,0.07,0.02,0.07,Matches,IpswichTown
Jacob Greaves, ENG,DF,24-006,4,4,360.0,4.0,0.0,0.0,0.0,0.0,0.0,0.0,0.0,0.0,0.1,0.1,0.0,0.1,0.0,3.0,1.0,0.0,0.0,0.0,0.0,0.0,0.03,0.0,0.03,0.03,0.03,Matches,IpswichTown
Sam Morsy, EGY,MF,33-008,4,4,354.0,3.9,0.0,0.0,0.0,0.0,0.0,0.0,3.0,0.0,0.0,0.0,0.1,0.1,2.0,12.0,2.0,0.0,0.0,0.0,0.0,0.0,0.0,0.02,0.02,0.0,0.02,Matches,IpswichTown
Omari Hutchinson, ENG,"MF,FW",20-324,4,4,352.0,3.9,0.0,0.0,0.0,0.0,0.0,0.0,2.0,0.0,0.4,0.4,0.0,0.4,10.0,4.0,9.0,0.0,0.0,0.0,0.0,0.0,0.09,0.0,0.09,0.09,0.09,Matches,IpswichTown
Axel Tuanzebe, COD,DF,26-309,4,4,341.0,3.8,0.0,0.0,0.0,0.0,0.0,0.0,0.0,0.0,0.1,0.1,0.2,0.3,2.0,6.0,0.0,0.0,0.0,0.0,0.0,0.0,0.02,0.06,0.08,0.02,0.08,Matches,IpswichTown
Liam Delap, ENG,FW,21-223,4,4,293.0,3.3,1.0,0.0,1.0,1.0,0.0,0.0,0.0,0.0,0.4,0.4,0.3,0.7,6.0,1.0,8.0,0.31,0.0,0.31,0.31,0.31,0.13,0.08,0.21,0.13,0.21,Matches,IpswichTown
Arijanet Muric, KVX,GK,25-316,3,3,270.0,3.0,0.0,0.0,0.0,0.0,0.0,0.0,0.0,0.0,0.0,0.0,0.0,0.0,0.0,0.0,0.0,0.0,0.0,0.0,0.0,0.0,0.0,0.0,0.0,0.0,0.0,Matches,IpswichTown
Luke Woolfenden, ENG,DF,25-333,3,3,270.0,3.0,0.0,0.0,0.0,0.0,0.0,0.0,1.0,0.0,0.0,0.0,0.0,0.0,2.0,6.0,0.0,0.0,0.0,0.0,0.0,0.0,0.01,0.0,0.01,0.01,0.01,Matches,IpswichTown
Sammie Szmodics, IRL,"FW,MF",28-360,4,3,226.0,2.5,1.0,0.0,1.0,1.0,0.0,0.0,1.0,0.0,0.3,0.3,0.0,0.3,3.0,8.0,8.0,0.4,0.0,0.4,0.4,0.4,0.12,0.01,0.13,0.12,0.13,Matches,IpswichTown
Kalvin Phillips, ENG,MF,28-291,2,2,160.0,1.8,0.0,0.0,0.0,0.0,0.0,0.0,1.0,0.0,0.0,0.0,0.0,0.0,0.0,6.0,0.0,0.0,0.0,0.0,0.0,0.0,0.0,0.02,0.02,0.0,0.02,Matches,IpswichTown
Massimo Luongo, AUS,MF,31-359,3,2,141.0,1.6,0.0,0.0,0.0,0.0,0.0,0.0,0.0,0.0,0.0,0.0,0.0,0.0,0.0,4.0,1.0,0.0,0.0,0.0,0.0,0.0,0.0,0.0,0.0,0.0,0.0,Matches,IpswichTown
Wes Burns, WAL,FW,29-300,2,2,114.0,1.3,0.0,0.0,0.0,0.0,0.0,0.0,1.0,0.0,0.0,0.0,0.0,0.0,2.0,0.0,6.0,0.0,0.0,0.0,0.0,0.0,0.0,0.0,0.0,0.0,0.0,Matches,IpswichTown
Ben Johnson, ENG,"DF,FW",24-238,2,1,124.0,1.4,0.0,1.0,1.0,0.0,0.0,0.0,0.0,0.0,0.0,0.0,0.3,0.3,1.0,2.0,3.0,0.0,0.73,0.73,0.0,0.73,0.0,0.21,0.21,0.0,0.21,Matches,IpswichTown
Chiedozie Ogbene, IRL,FW,27-140,2,1,119.0,1.3,0.0,0.0,0.0,0.0,0.0,0.0,0.0,0.0,0.0,0.0,0.0,0.0,4.0,0.0,11.0,0.0,0.0,0.0,0.0,0.0,0.0,0.02,0.02,0.0,0.02,Matches,IpswichTown
Dara O'Shea, IRL,DF,25-198,1,1,90.0,1.0,0.0,0.0,0.0,0.0,0.0,0.0,0.0,0.0,0.1,0.1,0.0,0.1,0.0,0.0,0.0,0.0,0.0,0.0,0.0,0.0,0.06,0.0,0.06,0.06,0.06,Matches,IpswichTown
Christian Walton, ENG,GK,28-314,1,1,90.0,1.0,0.0,0.0,0.0,0.0,0.0,0.0,0.0,0.0,0.0,0.0,0.0,0.0,0.0,0.0,0.0,0.0,0.0,0.0,0.0,0.0,0.0,0.0,0.0,0.0,0.0,Matches,IpswichTown
Conor Chaplin, ENG,MF,27-215,4,1,75.0,0.8,0.0,0.0,0.0,0.0,0.0,0.0,0.0,0.0,0.0,0.0,0.0,0.0,0.0,3.0,1.0,0.0,0.0,0.0,0.0,0.0,0.0,0.0,0.0,0.0,0.0,Matches,IpswichTown
Marcus Harness, ENG,MF,28-207,2,0,45.0,0.5,0.0,0.0,0.0,0.0,0.0,0.0,0.0,0.0,0.0,0.0,0.0,0.0,0.0,2.0,1.0,0.0,0.0,0.0,0.0,0.0,0.0,0.0,0.0,0.0,0.0,Matches,IpswichTown
Jack Taylor, IRL,MF,26-087,2,0,45.0,0.5,0.0,0.0,0.0,0.0,0.0,0.0,0.0,0.0,0.0,0.0,0.0,0.0,0.0,3.0,1.0,0.0,0.0,0.0,0.0,0.0,0.03,0.0,0.03,0.03,0.03,Matches,IpswichTown
Jack Clarke, ENG,FW,23-300,2,0,42.0,0.5,0.0,0.0,0.0,0.0,0.0,0.0,0.0,0.0,0.1,0.1,0.0,0.1,1.0,1.0,4.0,0.0,0.0,0.0,0.0,0.0,0.23,0.0,0.23,0.23,0.23,Matches,IpswichTown
Ali Al Hamadi, IRQ,FW,22-201,3,0,35.0,0.4,0.0,0.0,0.0,0.0,0.0,0.0,2.0,0.0,0.0,0.0,0.0,0.0,0.0,0.0,3.0,0.0,0.0,0.0,0.0,0.0,0.0,0.12,0.12,0.0,0.12,Matches,IpswichTown
George Hirst, ENG,FW,25-216,1,0,32.0,0.4,0.0,0.0,0.0,0.0,0.0,0.0,0.0,0.0,0.0,0.0,0.0,0.0,0.0,1.0,1.0,0.0,0.0,0.0,0.0,0.0,0.0,0.09,0.09,0.0,0.09,Matches,IpswichTown
Jens Cajuste, SWE,MF,25-039,1,0,20.0,0.2,0.0,0.0,0.0,0.0,0.0,0.0,0.0,0.0,0.0,0.0,0.0,0.0,2.0,1.0,0.0,0.0,0.0,0.0,0.0,0.0,0.0,0.13,0.13,0.0,0.13,Matches,IpswichTown
George Edmundson, ENG,DF,27-018,1,0,2.0,0.0,0.0,0.0,0.0,0.0,0.0,0.0,0.0,0.0,0.0,0.0,0.0,0.0,0.0,0.0,0.0,0.0,0.0,0.0,0.0,0.0,0.0,0.0,0.0,0.0,0.0,Matches,IpswichTown
Cameron Burgess, AUS,DF,28-333,0,0,,,,,,,,,,,,,,,,,,,,,,,,,,,,Matches,IpswichTown
Cieran Slicker, SCO,GK,22-003,0,0,,,,,,,,,,,,,,,,,,,,,,,,,,,,Matches,IpswichTown
Conor Townsend, ENG,"DF,MF",31-198,0,0,,,,,,,,,,,,,,,,,,,,,,,,,,,,Matches,IpswichTown
Cristian Romero, ARG,DF,26-144,4,4,360.0,4.0,1.0,0.0,1.0,1.0,0.0,0.0,0.0,0.0,0.7,0.7,0.2,0.8,2.0,21.0,1.0,0.25,0.0,0.25,0.25,0.25,0.16,0.04,0.21,0.16,0.21,Matches,TottenhamHotspur
Guglielmo Vicario, ITA,GK,27-347,4,4,360.0,4.0,0.0,0.0,0.0,0.0,0.0,0.0,1.0,0.0,0.0,0.0,0.0,0.0,0.0,1.0,0.0,0.0,0.0,0.0,0.0,0.0,0.0,0.0,0.0,0.0,0.0,Matches,TottenhamHotspur
Son Heung-min, KOR,FW,32-072,4,4,359.0,4.0,2.0,0.0,2.0,2.0,0.0,0.0,0.0,0.0,1.3,1.3,0.6,1.9,13.0,21.0,56.0,0.5,0.0,0.5,0.5,0.5,0.33,0.15,0.48,0.33,0.48,Matches,TottenhamHotspur
Pedro Porro, ESP,DF,25-005,4,4,359.0,4.0,1.0,0.0,1.0,1.0,0.0,0.0,0.0,0.0,0.3,0.3,0.5,0.8,10.0,28.0,13.0,0.25,0.0,0.25,0.25,0.25,0.08,0.12,0.21,0.08,0.21,Matches,TottenhamHotspur
Destiny Udogie, ITA,DF,21-295,4,4,342.0,3.8,0.0,0.0,0.0,0.0,0.0,0.0,1.0,0.0,0.0,0.0,0.0,0.0,9.0,25.0,17.0,0.0,0.0,0.0,0.0,0.0,0.0,0.01,0.01,0.0,0.01,Matches,TottenhamHotspur
James Maddison, ENG,MF,27-300,4,4,316.0,3.5,0.0,2.0,2.0,0.0,0.0,0.0,1.0,0.0,0.5,0.5,0.9,1.4,6.0,33.0,21.0,0.0,0.57,0.57,0.0,0.57,0.14,0.25,0.39,0.14,0.39,Matches,TottenhamHotspur
Brennan Johnson, WAL,FW,23-118,4,3,279.0,3.1,0.0,0.0,0.0,0.0,0.0,0.0,0.0,0.0,0.8,0.8,0.2,1.0,17.0,6.0,38.0,0.0,0.0,0.0,0.0,0.0,0.26,0.08,0.33,0.26,0.33,Matches,TottenhamHotspur
Micky van de Ven, NED,DF,23-152,3,3,270.0,3.0,0.0,1.0,1.0,0.0,0.0,0.0,1.0,0.0,0.0,0.0,0.3,0.3,2.0,18.0,0.0,0.0,0.33,0.33,0.0,0.33,0.01,0.08,0.09,0.01,0.09,Matches,TottenhamHotspur
Dejan Kulusevski, SWE,"MF,FW",24-146,4,3,258.0,2.9,0.0,1.0,1.0,0.0,0.0,0.0,1.0,0.0,0.2,0.2,0.3,0.6,16.0,11.0,23.0,0.0,0.35,0.35,0.0,0.35,0.08,0.12,0.2,0.08,0.2,Matches,TottenhamHotspur
Dominic Solanke, ENG,FW,27-004,2,2,180.0,2.0,0.0,0.0,0.0,0.0,0.0,0.0,0.0,0.0,0.5,0.5,0.1,0.6,4.0,3.0,10.0,0.0,0.0,0.0,0.0,0.0,0.27,0.03,0.3,0.27,0.3,Matches,TottenhamHotspur
Pape Matar Sarr, SEN,MF,22-004,4,2,169.0,1.9,0.0,0.0,0.0,0.0,0.0,0.0,1.0,0.0,0.1,0.1,0.2,0.3,2.0,10.0,7.0,0.0,0.0,0.0,0.0,0.0,0.08,0.08,0.16,0.08,0.16,Matches,TottenhamHotspur
Wilson Odobert, FRA,FW,19-295,3,2,162.0,1.8,0.0,0.0,0.0,0.0,0.0,0.0,0.0,0.0,0.4,0.4,0.1,0.5,13.0,10.0,18.0,0.0,0.0,0.0,0.0,0.0,0.23,0.03,0.27,0.23,0.27,Matches,TottenhamHotspur
Rodrigo Bentancur, URU,MF,27-085,3,2,153.0,1.7,0.0,0.0,0.0,0.0,0.0,0.0,3.0,0.0,0.3,0.3,0.0,0.3,3.0,12.0,2.0,0.0,0.0,0.0,0.0,0.0,0.15,0.0,0.15,0.15,0.15,Matches,TottenhamHotspur
Yves Bissouma, MLI,MF,28-019,2,2,153.0,1.7,1.0,0.0,1.0,1.0,0.0,0.0,1.0,0.0,0.1,0.1,0.2,0.3,5.0,15.0,0.0,0.59,0.0,0.59,0.59,0.59,0.06,0.09,0.15,0.06,0.15,Matches,TottenhamHotspur
Radu Drăgușin, ROU,DF,22-228,1,1,90.0,1.0,0.0,0.0,0.0,0.0,0.0,0.0,0.0,0.0,0.0,0.0,0.0,0.0,0.0,1.0,0.0,0.0,0.0,0.0,0.0,0.0,0.02,0.0,0.02,0.02,0.02,Matches,TottenhamHotspur
Timo Werner, GER,"FW,MF",28-196,3,0,41.0,0.5,0.0,0.0,0.0,0.0,0.0,0.0,0.0,0.0,0.0,0.0,0.0,0.0,4.0,2.0,11.0,0.0,0.0,0.0,0.0,0.0,0.0,0.0,0.0,0.0,0.0,Matches,TottenhamHotspur
Lucas Bergvall, SWE,MF,18-229,3,0,34.0,0.4,0.0,0.0,0.0,0.0,0.0,0.0,0.0,0.0,0.1,0.1,0.2,0.2,0.0,3.0,2.0,0.0,0.0,0.0,0.0,0.0,0.15,0.51,0.66,0.15,0.66,Matches,TottenhamHotspur
Archie Gray, ENG,MF,18-190,2,0,31.0,0.3,0.0,0.0,0.0,0.0,0.0,0.0,0.0,0.0,0.0,0.0,0.0,0.0,0.0,2.0,1.0,0.0,0.0,0.0,0.0,0.0,0.0,0.0,0.0,0.0,0.0,Matches,TottenhamHotspur
Richarlison, BRA,"FW,MF",27-131,2,0,25.0,0.3,0.0,0.0,0.0,0.0,0.0,0.0,0.0,0.0,0.2,0.2,0.0,0.2,1.0,1.0,1.0,0.0,0.0,0.0,0.0,0.0,0.67,0.0,0.67,0.67,0.67,Matches,TottenhamHotspur
Djed Spence, ENG,DF,24-040,2,0,19.0,0.2,0.0,0.0,0.0,0.0,0.0,0.0,0.0,0.0,0.0,0.0,0.0,0.0,0.0,2.0,2.0,0.0,0.0,0.0,0.0,0.0,0.0,0.0,0.0,0.0,0.0,Matches,TottenhamHotspur
Brandon Austin, ENG,GK,25-254,0,0,,,,,,,,,,,,,,,,,,,,,,,,,,,,Matches,TottenhamHotspur
Ben Davies, WAL,"DF,MF",31-147,0,0,,,,,,,,,,,,,,,,,,,,,,,,,,,,Matches,TottenhamHotspur
Alfie Devine, ENG,MF,20-048,0,0,,,,,,,,,,,,,,,,,,,,,,,,,,,,Matches,TottenhamHotspur
Fraser Forster, ENG,GK,36-185,0,0,,,,,,,,,,,,,,,,,,,,,,,,,,,,Matches,TottenhamHotspur
Max Kilman, ENG,DF,27-118,4,4,360.0,4.0,0.0,1.0,1.0,0.0,0.0,0.0,1.0,0.0,0.3,0.3,0.2,0.4,5.0,17.0,0.0,0.0,0.25,0.25,0.0,0.25,0.07,0.04,0.11,0.07,0.11,Matches,WestHamUnited
Konstantinos Mavropanos, GRE,DF,26-282,4,4,360.0,4.0,0.0,0.0,0.0,0.0,0.0,0.0,0.0,0.0,0.1,0.1,0.0,0.1,3.0,8.0,0.0,0.0,0.0,0.0,0.0,0.0,0.03,0.0,0.03,0.03,0.03,Matches,WestHamUnited
Mohammed Kudus, GHA,"FW,MF",24-047,4,4,358.0,4.0,0.0,0.0,0.0,0.0,0.0,0.0,0.0,0.0,0.3,0.3,0.7,1.0,21.0,7.0,27.0,0.0,0.0,0.0,0.0,0.0,0.08,0.19,0.26,0.08,0.26,Matches,WestHamUnited
Jarrod Bowen, ENG,"FW,MF",27-273,4,4,337.0,3.7,1.0,1.0,2.0,1.0,0.0,0.0,0.0,0.0,0.5,0.5,1.0,1.4,7.0,9.0,21.0,0.27,0.27,0.53,0.27,0.53,0.12,0.26,0.39,0.12,0.39,Matches,WestHamUnited
Guido Rodríguez, ARG,MF,30-159,4,4,333.0,3.7,0.0,0.0,0.0,0.0,0.0,0.0,2.0,0.0,0.1,0.1,0.0,0.1,1.0,6.0,2.0,0.0,0.0,0.0,0.0,0.0,0.02,0.0,0.02,0.02,0.02,Matches,WestHamUnited
Alphonse Areola, FRA,GK,31-204,4,4,315.0,3.5,0.0,0.0,0.0,0.0,0.0,0.0,0.0,0.0,0.0,0.0,0.0,0.0,0.0,0.0,0.0,0.0,0.0,0.0,0.0,0.0,0.0,0.0,0.0,0.0,0.0,Matches,WestHamUnited
Emerson Palmieri, ITA,DF,30-046,4,4,304.0,3.4,0.0,0.0,0.0,0.0,0.0,0.0,1.0,0.0,0.0,0.0,0.1,0.2,6.0,11.0,8.0,0.0,0.0,0.0,0.0,0.0,0.01,0.03,0.05,0.01,0.05,Matches,WestHamUnited
Michail Antonio, JAM,FW,34-174,4,4,248.0,2.8,0.0,0.0,0.0,0.0,0.0,0.0,0.0,0.0,0.8,0.8,0.0,0.8,6.0,3.0,12.0,0.0,0.0,0.0,0.0,0.0,0.3,0.0,0.3,0.3,0.3,Matches,WestHamUnited
Lucas Paquetá, BRA,MF,27-022,4,3,297.0,3.3,1.0,0.0,1.0,0.0,1.0,1.0,1.0,0.0,0.9,0.1,0.1,0.3,2.0,21.0,10.0,0.3,0.0,0.3,0.0,0.0,0.28,0.04,0.32,0.04,0.08,Matches,WestHamUnited
Tomáš Souček, CZE,MF,29-204,4,3,226.0,2.5,1.0,0.0,1.0,1.0,0.0,0.0,1.0,0.0,1.3,1.3,0.1,1.4,1.0,5.0,11.0,0.4,0.0,0.4,0.4,0.4,0.52,0.05,0.57,0.52,0.57,Matches,WestHamUnited
Aaron Wan-Bissaka, ENG,DF,26-297,3,2,209.0,2.3,0.0,0.0,0.0,0.0,0.0,0.0,0.0,0.0,0.0,0.0,0.1,0.1,6.0,7.0,4.0,0.0,0.0,0.0,0.0,0.0,0.0,0.04,0.04,0.0,0.04,Matches,WestHamUnited
Vladimír Coufal, CZE,DF,32-027,4,2,200.0,2.2,0.0,0.0,0.0,0.0,0.0,0.0,0.0,0.0,0.0,0.0,0.1,0.1,3.0,6.0,4.0,0.0,0.0,0.0,0.0,0.0,0.01,0.05,0.06,0.01,0.06,Matches,WestHamUnited
Edson Álvarez, MEX,MF,26-330,3,2,170.0,1.9,0.0,0.0,0.0,0.0,0.0,0.0,1.0,0.0,0.0,0.0,0.1,0.1,0.0,8.0,1.0,0.0,0.0,0.0,0.0,0.0,0.0,0.03,0.04,0.0,0.04,Matches,WestHamUnited
Crysencio Summerville, NED,"FW,MF",22-324,3,0,68.0,0.8,0.0,0.0,0.0,0.0,0.0,0.0,0.0,0.0,0.1,0.1,0.3,0.3,4.0,0.0,8.0,0.0,0.0,0.0,0.0,0.0,0.08,0.36,0.44,0.08,0.44,Matches,WestHamUnited
Niclas Füllkrug, GER,FW,31-222,3,0,66.0,0.7,0.0,0.0,0.0,0.0,0.0,0.0,0.0,0.0,0.3,0.3,0.0,0.3,2.0,0.0,3.0,0.0,0.0,0.0,0.0,0.0,0.35,0.0,0.35,0.35,0.35,Matches,WestHamUnited
Łukasz Fabiański, POL,GK,39-153,1,0,45.0,0.5,0.0,0.0,0.0,0.0,0.0,0.0,0.0,0.0,0.0,0.0,0.0,0.0,0.0,0.0,0.0,0.0,0.0,0.0,0.0,0.0,0.0,0.0,0.0,0.0,0.0,Matches,WestHamUnited
Carlos Soler, ESP,MF,27-260,1,0,21.0,0.2,0.0,0.0,0.0,0.0,0.0,0.0,1.0,0.0,0.0,0.0,0.0,0.0,0.0,0.0,0.0,0.0,0.0,0.0,0.0,0.0,0.0,0.0,0.0,0.0,0.0,Matches,WestHamUnited
James Ward-Prowse, ENG,MF,29-322,1,0,18.0,0.2,0.0,0.0,0.0,0.0,0.0,0.0,0.0,0.0,0.0,0.0,0.0,0.0,1.0,4.0,0.0,0.0,0.0,0.0,0.0,0.0,0.0,0.0,0.0,0.0,0.0,Matches,WestHamUnited
Danny Ings, ENG,"MF,FW",32-057,2,0,15.0,0.2,1.0,0.0,1.0,1.0,0.0,0.0,0.0,0.0,0.5,0.5,0.0,0.5,0.0,0.0,1.0,6.0,0.0,6.0,6.0,6.0,2.98,0.0,2.98,2.98,2.98,Matches,WestHamUnited
Jean-Clair Todibo, FRA,DF,24-263,2,0,8.0,0.1,0.0,0.0,0.0,0.0,0.0,0.0,0.0,0.0,0.0,0.0,0.0,0.0,0.0,0.0,0.0,0.0,0.0,0.0,0.0,0.0,0.0,0.0,0.0,0.0,0.0,Matches,WestHamUnited
Aaron Cresswell, ENG,DF,34-278,1,0,2.0,0.0,0.0,0.0,0.0,0.0,0.0,0.0,0.0,0.0,0.0,0.0,0.0,0.0,0.0,0.0,0.0,0.0,0.0,0.0,0.0,0.0,0.0,0.0,0.0,0.0,0.0,Matches,WestHamUnited
Kaelan Casey, ENG,DF,19-326,0,0,,,,,,,,,,,,,,,,,,,,,,,,,,,,Matches,WestHamUnited
Luis Guilherme, BRA,MF,18-222,0,0,,,,,,,,,,,,,,,,,,,,,,,,,,,,Matches,WestHamUnited
Andy Irving, SCO,MF,24-128,0,0,,,,,,,,,,,,,,,,,,,,,,,,,,,,Matches,WestHamUnited
Yerson Mosquera, COL,DF,23-139,4,4,360.0,4.0,0.0,0.0,0.0,0.0,0.0,0.0,1.0,0.0,0.3,0.3,0.1,0.4,0.0,5.0,0.0,0.0,0.0,0.0,0.0,0.0,0.09,0.01,0.1,0.09,0.1,Matches,WolverhamptonWanderers
Mario Lemina, GAB,"MF,FW",31-017,4,4,359.0,4.0,1.0,1.0,2.0,1.0,0.0,0.0,1.0,0.0,0.6,0.6,0.2,0.8,2.0,14.0,5.0,0.25,0.25,0.5,0.25,0.5,0.15,0.05,0.21,0.15,0.21,Matches,WolverhamptonWanderers
Jørgen Strand Larsen, NOR,FW,24-225,4,4,343.0,3.8,1.0,1.0,2.0,1.0,0.0,0.0,0.0,0.0,0.9,0.9,0.8,1.6,2.0,2.0,9.0,0.26,0.26,0.52,0.26,0.52,0.23,0.2,0.43,0.23,0.43,Matches,WolverhamptonWanderers
João Gomes, BRA,MF,23-219,4,4,322.0,3.6,0.0,0.0,0.0,0.0,0.0,0.0,2.0,0.0,0.2,0.2,0.0,0.2,6.0,16.0,4.0,0.0,0.0,0.0,0.0,0.0,0.04,0.0,0.04,0.04,0.04,Matches,WolverhamptonWanderers
Rayan Aït-Nouri, ALG,"DF,MF",23-104,4,4,293.0,3.3,0.0,1.0,1.0,0.0,0.0,0.0,2.0,0.0,0.4,0.4,0.6,1.1,3.0,13.0,7.0,0.0,0.31,0.31,0.0,0.31,0.13,0.2,0.32,0.13,0.32,Matches,WolverhamptonWanderers
Jean-Ricner Bellegarde, FRA,"MF,FW",26-083,4,4,267.0,3.0,1.0,0.0,1.0,1.0,0.0,0.0,1.0,0.0,0.3,0.3,0.0,0.3,6.0,4.0,12.0,0.34,0.0,0.34,0.34,0.34,0.09,0.02,0.1,0.09,0.1,Matches,WolverhamptonWanderers
Matheus Cunha, BRA,"FW,MF",25-114,4,3,281.0,3.1,1.0,0.0,1.0,1.0,0.0,0.0,0.0,0.0,1.4,1.4,0.5,1.9,13.0,8.0,23.0,0.32,0.0,0.32,0.32,0.32,0.46,0.16,0.62,0.46,0.62,Matches,WolverhamptonWanderers
Toti Gomes, POR,DF,25-246,3,3,270.0,3.0,0.0,1.0,1.0,0.0,0.0,0.0,2.0,0.0,0.0,0.0,0.5,0.5,2.0,5.0,2.0,0.0,0.33,0.33,0.0,0.33,0.0,0.16,0.16,0.0,0.16,Matches,WolverhamptonWanderers
Craig Dawson, ENG,DF,34-135,4,2,211.0,2.3,0.0,0.0,0.0,0.0,0.0,0.0,0.0,0.0,0.0,0.0,0.0,0.0,1.0,3.0,2.0,0.0,0.0,0.0,0.0,0.0,0.0,0.01,0.01,0.0,0.01,Matches,WolverhamptonWanderers
Matt Doherty, IRL,DF,32-246,4,2,210.0,2.3,0.0,0.0,0.0,0.0,0.0,0.0,0.0,0.0,0.1,0.1,0.1,0.2,1.0,6.0,8.0,0.0,0.0,0.0,0.0,0.0,0.03,0.06,0.1,0.03,0.1,Matches,WolverhamptonWanderers
Hwang Hee-chan, KOR,"FW,MF",28-236,4,2,199.0,2.2,0.0,0.0,0.0,0.0,0.0,0.0,0.0,0.0,0.0,0.0,0.1,0.1,4.0,3.0,7.0,0.0,0.0,0.0,0.0,0.0,0.0,0.05,0.05,0.0,0.05,Matches,WolverhamptonWanderers
Sam Johnstone, ENG,GK,31-177,2,2,180.0,2.0,0.0,0.0,0.0,0.0,0.0,0.0,0.0,0.0,0.0,0.0,0.0,0.0,0.0,0.0,0.0,0.0,0.0,0.0,0.0,0.0,0.0,0.02,0.02,0.0,0.02,Matches,WolverhamptonWanderers
José Sá, POR,GK,31-245,2,2,180.0,2.0,0.0,0.0,0.0,0.0,0.0,0.0,0.0,0.0,0.0,0.0,0.1,0.1,0.0,0.0,0.0,0.0,0.0,0.0,0.0,0.0,0.0,0.03,0.03,0.0,0.03,Matches,WolverhamptonWanderers
Nélson Semedo, POR,DF,30-307,2,2,150.0,1.7,0.0,0.0,0.0,0.0,0.0,0.0,1.0,0.0,0.0,0.0,0.1,0.1,3.0,3.0,4.0,0.0,0.0,0.0,0.0,0.0,0.01,0.06,0.06,0.01,0.06,Matches,WolverhamptonWanderers
Rodrigo Gomes, POR,"FW,MF",21-073,2,1,97.0,1.1,0.0,0.0,0.0,0.0,0.0,0.0,0.0,0.0,0.1,0.1,0.0,0.1,6.0,1.0,12.0,0.0,0.0,0.0,0.0,0.0,0.06,0.0,0.06,0.06,0.06,Matches,WolverhamptonWanderers
André, BRA,"MF,FW",23-064,2,1,81.0,0.9,0.0,0.0,0.0,0.0,0.0,0.0,1.0,0.0,0.0,0.0,0.1,0.1,0.0,3.0,0.0,0.0,0.0,0.0,0.0,0.0,0.0,0.13,0.13,0.0,0.13,Matches,WolverhamptonWanderers
Daniel Podence, POR,"MF,FW",28-333,2,0,48.0,0.5,0.0,0.0,0.0,0.0,0.0,0.0,0.0,0.0,0.0,0.0,0.0,0.0,1.0,2.0,3.0,0.0,0.0,0.0,0.0,0.0,0.07,0.0,0.07,0.07,0.07,Matches,WolverhamptonWanderers
Tommy Doyle, ENG,MF,22-337,3,0,46.0,0.5,0.0,0.0,0.0,0.0,0.0,0.0,0.0,0.0,0.0,0.0,0.0,0.1,1.0,8.0,0.0,0.0,0.0,0.0,0.0,0.0,0.08,0.07,0.15,0.08,0.15,Matches,WolverhamptonWanderers
Pablo Sarabia, ESP,"FW,MF",32-130,2,0,30.0,0.3,0.0,0.0,0.0,0.0,0.0,0.0,0.0,0.0,0.1,0.1,0.0,0.1,2.0,6.0,2.0,0.0,0.0,0.0,0.0,0.0,0.27,0.0,0.27,0.27,0.27,Matches,WolverhamptonWanderers
Gonçalo Guedes, POR,"MF,FW",27-294,2,0,21.0,0.2,0.0,0.0,0.0,0.0,0.0,0.0,0.0,0.0,0.0,0.0,0.0,0.0,0.0,0.0,0.0,0.0,0.0,0.0,0.0,0.0,0.0,0.0,0.0,0.0,0.0,Matches,WolverhamptonWanderers
Chiquinho, POR,MF,24-226,1,0,7.0,0.1,0.0,0.0,0.0,0.0,0.0,0.0,0.0,0.0,0.0,0.0,0.0,0.0,0.0,0.0,0.0,0.0,0.0,0.0,0.0,0.0,0.0,0.42,0.42,0.0,0.42,Matches,WolverhamptonWanderers
Carlos Forbs, POR,MF,20-183,1,0,5.0,0.1,0.0,0.0,0.0,0.0,0.0,0.0,0.0,0.0,0.0,0.0,0.0,0.0,0.0,1.0,3.0,0.0,0.0,0.0,0.0,0.0,0.0,0.0,0.0,0.0,0.0,Matches,WolverhamptonWanderers
Daniel Bentley, ENG,GK,31-067,0,0,,,,,,,,,,,,,,,,,,,,,,,,,,,,Matches,WolverhamptonWanderers
Santiago Bueno, URU,DF,25-314,0,0,,,,,,,,,,,,,,,,,,,,,,,,,,,,Matches,WolverhamptonWanderers
Boubacar Traoré, MLI,MF,23-029,0,0,,,,,,,,,,,,,,,,,,,,,,,,,,,,Matches,WolverhamptonWanderers
